RID	DOCULECT	CONCEPT	CONCEPTICON_GLOSS	PARAMETER_ID	CONCEPTICON_ID	VALUE	FORM	SOURCE	NOTES	SEGMENTS
3	Bangru	mosquito	MOSQUITO		1509	taruŋ	taruŋ			
7	Bangru	spider	SPIDER		843	aparaŋga	aparaŋga			
12	Bangru	rainbow	RAINBOW		1733	harigogo	harigogo			
15	Bangru	knee	KNEE		1371	ləbəŋ	ləbəŋ			
16	Bangru	left	LEFT		244	laʔt͡ʃi	laʔtʃi			
17	Bangru	right	RIGHT		1019	laʔbjɛk	laʔbjɛk			
18	Bangru	dog	DOG		2009	sopɛː	sopɛː			
19	Bangru	branch	BRANCH		1531	aːʔ	aːʔ			
23	EMiji	mosquito	MOSQUITO		1509	sirdoŋmai ~ sirijoŋdaŋmai	sirdoŋmai ~ sirijoŋdaŋmai			
27	EMiji	spider	SPIDER		843	nərija(nam)	nərija(nam)			
32	EMiji	rainbow	RAINBOW		1733	jomonəkəi	jomonəkəi			
35	EMiji	knee	KNEE		1371	lekəpiu	lekəpiu			
36	EMiji	left	LEFT		244	sivijo	sivijo			
37	EMiji	right	RIGHT		1019	ɕədʒen	ɕədʒen			
38	EMiji	dog	DOG		2009	zazai	zazai			
39	EMiji	branch	BRANCH		1531	gonotʃaŋ ~ mənətʃaŋ	gonotʃaŋ ~ mənətʃaŋ			
43	WMiji	mosquito	MOSQUITO		1509	sərədaŋ ~ sirijaŋdo ~ suriŋdaŋ	sərədaŋ ~ sirijaŋdo ~ suriŋdaŋ			
47	WMiji	spider	SPIDER		843	baʃidərgau ~ batʃibegau ~ basidərgiaŋ	baʃidərgau ~ batʃibegau ~ basidərgiaŋ			
52	WMiji	rainbow	RAINBOW		1733	rumudəkʰre ~ dʒimodəkʰe ~ dʒumodəkʰre	rumudəkʰre ~ dʒimodəkʰe ~ dʒumodəkʰre			
55	WMiji	knee	KNEE		1371	lekəpiu ~ legəpʰu ~ leikʰu	lekəpiu ~ legəpʰu ~ leikʰu			
56	WMiji	left	LEFT		244	sivijo ~ savijo	sivijo ~ savijo			
57	WMiji	right	RIGHT		1019	sidʒən ~ sidʒiŋ	sidʒən ~ sidʒiŋ			
58	WMiji	dog	DOG		2009	ʃadʒi ~ sadʒik ~ ʃazeʔ	ʃadʒi ~ sadʒik ~ ʃazeʔ			
59	WMiji	branch	BRANCH		1531	mətʃitʃau ~ (o/u)dətʃa(ŋ)	mətʃitʃau ~ (o/u)dətʃa(ŋ)			
63	Hruso	mosquito	MOSQUITO		1509	səxən (SA)	səxən (SA)			
67	Hruso	spider	SPIDER		843	ʃagəxa	ʃagəxa			
72	Hruso	rainbow	RAINBOW		1733	ɲedʒiləgo; jed͡ʒǎʃə (SA)	ɲedʒiləgo; jedʒǎʃə (SA)			
75	Hruso	knee	KNEE		1371	ʔəʃpə; əʃipʰə (SA)	ʔəʃpə; əʃipʰə (SA)			
76	Hruso	left	LEFT		244	ɸovo; pʰəvo (SA)	ɸovo; pʰəvo (SA)			
77	Hruso	right	RIGHT		1019	tʃədʒə; sət͡zə (SA)	tʃədʒə; sətzə (SA)			
78	Hruso	dog	DOG		2009	ʃyjo; səljo ~ t͡səlo (SA)	ʃyjo; səljo ~ tsəlo (SA)			
79	Hruso	branch	BRANCH		1531	ʃoɸo, ʔoɸotsa	ʃoɸo, ʔoɸotsa			
82	Bangru	ant	ANT		587	səɲiː	səɲiː			
85	Bangru	bad	BAD		1292	mənɛ̃ĩ(ŋ)	mənɛ̃ĩ(ŋ)			
86	Bangru	bamboo (big)	BAMBOO		1927	baː	baː			
90	Bangru	big (thick, wide)	BIG		1202	mədua; məbjaː ~ məbɛː	mədua; məbjaː ~ məbɛː			
91	Bangru	bird	BIRD		937	pәd͡ʑuː 	pәdʑuː 			
92	Bangru	bite	BITE		1403	toː	toː			
95	Bangru	blood	BLOOD		946	jaː	jaː			
96	Bangru	blow	BLOW (OF WIND)		175	màìˀ	màìˀ			
98	Bangru	body hair, feather	HAIR (BODY)		189	məməŋ	məməŋ			
100	Bangru	bone	BONE		1394	məriː	məriː			
103	Bangru	breast; milk	BREAST		1402	mənəŋ	mənəŋ			
105	Bangru	burn	BURNING		1428	(mɛː) d͡ʑoː; blɤ53 (LB)	(mɛː) dʑoː; blɤ53 (LB)			
106	Bangru	cane; rope	ROPE		1218	suː ~ ɕuː	suː ~ ɕuː			
108	Bangru	child	CHILD (YOUNG HUMAN)		1304	məd͡ʑuː	mədʑuː			
111	Bangru	cloud	CLOUD		1489	waːwəː	waːwəː			
117	Bangru	cry	CRY		1839	k(j)eː	k(j)eː			
122	Bangru	die	DIE		1494	tai	tai			
123	Bangru	dig	DIG		1418	taː	taː			
124	Bangru	dirty	DIRTY		1230	ɲət͡ɕi̤	ɲətɕi̤			
127	Bangru	dream	DREAM		2374	tjamәː	tjamәː			
128	Bangru	drink	DRINK		1401	toŋ ~ tuŋ	toŋ ~ tuŋ			
129	Bangru	dry	DRY		1398	məkiː	məkiː			
130	Bangru	eat	EAT		1336	t͡ɕùˀ ~ t͡ɕə̀ˀ	tɕùˀ ~ tɕə̀ˀ			
131	Bangru	egg	EGG		744	doːrɛiŋ	doːrɛiŋ			
132	Bangru	eight	EIGHT		1705	sәgàìˀ	sәgàìˀ			
137	Bangru	excrement	SHIT (DEFECATE)		676	lai	lai			
138	Bangru	eye	EYE		1248	mejàˀ	mejàˀ			
139	Bangru	far	FAR		1406	arəŋ	arəŋ			
143	Bangru	fight	FIGHT		1423	warɛː	warɛː			
145	Bangru	fire	FIRE		221	mɛː	mɛː			
147	Bangru	fish	FISH		227	t͡səd͡zəmɛː	tsədzəmɛː			
148	Bangru	five	FIVE		493	pəŋuː	pəŋuː			
149	Bangru	flow	FLOW		2003	saː	saː			
150	Bangru	flower	FLOWER		239	məbuaː	məbuaː			
152	Bangru	frog	FROG		503	d͡ʑəː	dʑəː			
153	Bangru	fruit	FRUIT		1507	mətɛ̃ː	mətɛ̃ː			
154	Bangru	four	FOUR		1500	puruwɛ̃ĩ	puruwɛ̃ĩ			
155	Bangru	full	FULL		1429	ləŋbəla	ləŋbəla			
157	Bangru	give	GIVE		1447	bai	bai			
158	Bangru	goat	GOAT		1502	səpɛ̃ĩ	səpɛ̃ĩ			
161	Bangru	grass	GRASS		606	rəsjaːrɛː ~ rəsɛːrɛː	rəsjaːrɛː ~ rəsɛːrɛː			
164	Bangru	hair	HAIR		1040	gə́pɨ̀	gə́pɨ̀			
165	Bangru	hard	HARD		1884	məloː	məloː			
167	Bangru	hand, arm	HAND		1277	məgɛ̀ìˀ	məgɛ̀ìˀ			
169	Bangru	head	HEAD		1256	goːkɛ̃ĩŋ	goːkɛ̃ĩŋ			
170	Bangru	heart	HEART		1223	məloŋwəː	məloŋwəː			
171	Bangru	heavy	HEAVY		1210	latəŋ	latəŋ			
172	Bangru	horn	HORN (ANATOMY)		1393	mәsu	mәsu			
173	Bangru	horse	HORSE		615	goːraː	goːraː			
174	Bangru	house	HOUSE		1252	neː	neː			
177	Bangru	hundred	HUNDRED		1634	ləŋ	ləŋ			
183	Bangru	kill	KILL		1417	gjaː	gjaː			
184	Bangru	knife	KNIFE		1352	wɛːt͡səŋ	wɛːtsəŋ			
185	Bangru	know	KNOW (SOMETHING)		1410	niː	niː			
186	Bangru	laugh	LAUGH		1355	tua	tua			
187	Bangru	leaf	LEAF		628	mərjɛ̀ˀ	mərjɛ̀ˀ			
190	Bangru	lick	LICK		319	kəloː	kəloː			
192	Bangru	light	LIGHT (WEIGHT)		1052	lətõː	lətõː			
194	Bangru	listen, hear	HEAR		1408	rɛi	rɛi			
196	Bangru	liver/lungs	LIVER		1224	mətɛ̃ĩ	mətɛ̃ĩ			
197	Bangru	long	LONG		1203	məpaŋ; mə31 braŋ55 (LD)	məpaŋ; mə31 braŋ55 (LD)			
198	Bangru	look, see	SEE		1409	gõː	gõː			
199	Bangru	louse	LOUSE		1392	sàˀ	sàˀ			
201	Bangru	man (male)	MALE PERSON		2106	ɲəwiː	ɲəwiː			
202	Bangru	meat	MEAT		634	sùˀ ~ ɕùˀ	sùˀ ~ ɕùˀ			
206	Bangru	moon	MOON		1313	aloː ləbai	aloː ləbai			
207	Bangru	mountain	MOUNTAIN		639	gaŋ ~ səpiː	gaŋ ~ səpiː			
208	Bangru	mouth; language	MOUTH		674	məɲəŋ	məɲəŋ			
210	Bangru	mother	MOTHER		1216	mәɲɛː ~ aɲɛː	mәɲɛː ~ aɲɛː			
211	Bangru	name	NAME		1405	məmjəŋ	məmjəŋ			
212	Bangru	near	NEAR		1942	mərɛː	mərɛː			
214	Bangru	new	NEW		1231	məkərəː	məkərəː			
216	Bangru	nine	NINE		1483	sətəŋ	sətəŋ			
217	Bangru	nose	NOSE		1221	mikoː ~  məɲəkoː	mikoː ~  məɲəkoː			
218	Bangru	old	OLD (AGED)		2112	məɕuaː	məɕuaː			
219	Bangru	one	ONE		1493	akə̃ː ~ akɨː	akə̃ː ~ akɨː			
220	Bangru	otter	OTTER		15	sẽː	sẽː			
221	Bangru	paddy rice	RICE PLANT		2026	ɛ̃ː	ɛ̃ː			
224	Bangru	pig	PIG		1337	jùˀ	jùˀ			
226	Bangru	pull	PULL		1455	saː	saː			
228	Bangru	rain	RAIN (PRECIPITATION)		658	nədiː	nədiː			
229	Bangru	red	RED		156	jat͡ɕòˀ	jatɕòˀ			
232	Bangru	river	RIVER		666	wəgoː	wəgoː			
233	Bangru	road	ROAD		667	rɛːbõ	rɛːbõ			
234	Bangru	root	ROOT		670	məkɛ̃ĩ ~ məltù	məkɛ̃ĩ ~ məltù			
235	Bangru	round	ROUND		1395	məwəː	məwəː			
237	Bangru	run	RUN		1519	biː	biː			
239	Bangru	salt	SALT		1274	ruː	ruː			
240	Bangru	sand	SAND		671	səgaiʔ	səgaiʔ			
241	Bangru	seed	SEED		714	mətɛ̃ː	mətɛ̃ː			
243	Bangru	seven	SEVEN		1704	məwàìˀ	məwàìˀ			
245	Bangru	short	SHORT		1645	mərõŋ; mə31 ŋoŋ55 (LD)	mərõŋ; mə31 ŋoŋ55 (LD)			
246	Bangru	shoulder	SHOULDER		1482	(mə)potɕ(i̤)	(mə)potɕ(i̤)			
249	Bangru	six	SIX		1703	rèˀ	rèˀ			
250	Bangru	skin	SKIN		763	məpjaː	məpjaː			
251	Bangru	sky	SKY		1732	ɲədəluː	ɲədəluː			
252	Bangru	sleep	SLEEP		1585	d͡ʑeː	dʑeː			
253	Bangru	smell (v)	SMELL (PERCEIVE)		1586	rɛ̃ː	rɛ̃ː			
254	Bangru	smoke (n.)	SMOKE (EXHAUST)		778	mɛkəː	mɛkəː			
255	Bangru	snake	SNAKE		730	bəː	bəː			
256	Bangru	snow	SNOW		784	tərɛ̃ː	tərɛ̃ː			
257	Bangru	soft, smooth	SMOOTH		1234	ləpəriː ~ ləpriː	ləpəriː ~ ləpriː			
258	Bangru	soil	EARTH (SOIL)		1228	nòˀ	nòˀ			
265	Bangru	stand	STAND		1442	giː	giː			
266	Bangru	star	STAR		1430	lət͡ɕɨː	lətɕɨː			
267	Bangru	steal	STEAL		713	ləkəː	ləkəː			
269	Bangru	straight	STRAIGHT		1404	məkəroː	məkəroː			
271	Bangru	sun	SUN		1343	d͡ʑùˀ	dʑùˀ			
277	Bangru	tail	TAIL		1220	mələwjaː	mələwjaː			
280	Bangru	ten	TEN		1515	rəŋ	rəŋ			
281	Bangru	that	THAT		78	pɛt͡ɕi̤ 	pɛtɕi̤ 			
282	Bangru	that (lower)	THAT		78	put͡ɕ(i̤)	putɕ(i̤)			
283	Bangru	thigh	UPPER LEG (THIGH)		471	məruː	məruː			
284	Bangru	think	THINK (REFLECT)		1415	miː	miː			
285	Bangru	this	THIS		1214	həŋ	həŋ			
287	Bangru	three	THREE		492	kətɛ̃ĩ	kətɛ̃ĩ			
290	Bangru	tongue	TONGUE		1205	məɲəŋ pəljaː 	məɲəŋ pəljaː 			
291	Bangru	tooth	TOOTH		1380	mətuː	mətuː			
292	Bangru	tree	TREE		906	gənɛː	gənɛː			
294	Bangru	two	TWO		1498	kərɛi	kərɛi			
298	Bangru	vomit	VOMIT		1278	muː	muː			
299	Bangru	walk	WALK		1443	djaː  ~ dɛi	djaː  ~ dɛi			
300	Bangru	hot, warm	HOT		1286	it͡ɕòˀ ~ jət͡ɕòˀ	itɕòˀ ~ jətɕòˀ			
301	Bangru	water	WATER		948	wiː	wiː			
304	Bangru	what	WHAT		1236	təŋ	təŋ			
305	Bangru	where	WHERE		1237	kəː	kəː			
306	Bangru	white	WHITE		1335	ləpuː	ləpuː			
307	Bangru	who	WHO		1235	tiːwoː	tiːwoː			
308	Bangru	wind	WIND		960	loa	loa			
310	Bangru	wing	WING		1257	mət͡ɕùˀ	mətɕùˀ			
312	Bangru	wood	WOOD		1803	goː	goː			
313	Bangru	woman	WOMAN		962	ɲəwɛː	ɲəwɛː			
314	Bangru	year	YEAR		1226	anәŋnәŋ	anәŋnәŋ			
315	Bangru	yesterday	YESTERDAY		1174	tәgaː	tәgaː			
317	Bangru	1SG	I		1209	ɲoː	ɲoː			
318	Bangru	2SG	THOU		1215	niː ~ ɲiː	niː ~ ɲiː			
319	Bangru	3SG	HE OR SHE OR IT		262	pɛt͡ɕi̤̤	pɛtɕi̤̤			
321	Bangru	1PL	WE (INCLUSIVE)		1131	kaɲiː ~ kaniː	kaɲiː ~ kaniː			
322	Bangru	2PL	YOU		1213	niː; d͡ʑeː	niː; dʑeː			
325	EMiji	ant	ANT		587	ɕəni	ɕəni			
328	EMiji	bad	BAD		1292	məni	məni			
329	EMiji	bamboo (big)	BAMBOO		1927	brau ~ brə	brau ~ brə			
333	EMiji	big (thick, wide)	BIG		1202	mədəbu ~ mədo	mədəbu ~ mədo			
334	EMiji	bird	BIRD		937	bədʒi ~ pəɕə	bədʒi ~ pəɕə			
335	EMiji	bite	BITE		1403	ta ~ taʔna	ta ~ taʔna			
338	EMiji	blood	BLOOD		946	medʒai ~ ʒi	medʒai ~ ʒi			
339	EMiji	blow	BLOW (OF WIND)		175	-	Ø			
341	EMiji	body hair, feather	HAIR (BODY)		189	-	Ø			
343	EMiji	bone	BONE		1394	mariaŋ	mariaŋ			
346	EMiji	breast; milk	BREAST		1402	mənaŋ ~ nag	mənaŋ ~ nag			
348	EMiji	burn	BURNING		1428	frəna	frəna			
349	EMiji	cane; rope	ROPE		1218	-	Ø			
351	EMiji	child	CHILD (YOUNG HUMAN)		1304	-	Ø			
354	EMiji	cloud	CLOUD		1489	maimaŋ ~  maimər	maimaŋ ~  maimər			
360	EMiji	cry	CRY		1839	krəmna	krəmna			
365	EMiji	die	DIE		1494	teina	teina			
366	EMiji	dig	DIG		1418	-	Ø			
367	EMiji	dirty	DIRTY		1230	-	Ø			
370	EMiji	dream	DREAM		2374	taimat~ taiməna	taimat~ taiməna			
371	EMiji	drink	DRINK		1401	tʰoŋ ~ toŋna	tʰoŋ ~ toŋna			
372	EMiji	dry	DRY		1398	mekʰijan	mekʰijan			
373	EMiji	eat	EAT		1336	tʃu ~  tʃəna	tʃu ~  tʃəna			
374	EMiji	egg	EGG		744	doriŋ ~ doriet	doriŋ ~ doriet			
375	EMiji	eight	EIGHT		1705	ɕəgə	ɕəgə			
380	EMiji	excrement	SHIT (DEFECATE)		676	-	Ø			
381	EMiji	eye	EYE		1248	mẽ	mẽ			
382	EMiji	far	FAR		1406	mərən	mərən			
386	EMiji	fight	FIGHT		1423	-	Ø			
388	EMiji	fire	FIRE		221	mai	mai			
390	EMiji	fish	FISH		227	tʃoi	tʃoi			
391	EMiji	five	FIVE		493	puŋu	puŋu			
392	EMiji	flow	FLOW		2003	-	Ø			
393	EMiji	flower	FLOWER		239	gəbo	gəbo			
395	EMiji	frog	FROG		503	dʒou	dʒou			
396	EMiji	fruit	FRUIT		1507	gutan	gutan			
397	EMiji	four	FOUR		1500	pəlei	pəlei			
398	EMiji	full	FULL		1429	ləndaŋ ~ len	ləndaŋ ~ len			
400	EMiji	give	GIVE		1447	bai ~ beina	bai ~ beina			
401	EMiji	goat	GOAT		1502	ʃəpen ~ ɕuprem	ʃəpen ~ ɕuprem			
404	EMiji	grass	GRASS		606	-	Ø			
407	EMiji	hair	HAIR		1040	gopal ~ gopə	gopal ~ gopə			
408	EMiji	hard	HARD		1884	-	Ø			
410	EMiji	hand, arm	HAND		1277	gi	gi			
412	EMiji	head	HEAD		1256	(mo)gou	(mo)gou			
413	EMiji	heart	HEART		1223	loŋvə ~ luŋvəuk	loŋvə ~ luŋvəuk			
414	EMiji	heavy	HEAVY		1210	məlei	məlei			
415	EMiji	horn	HORN (ANATOMY)		1393	(məsə)zuŋ/ʃoŋ	(məsə)zuŋ/ʃoŋ			
416	EMiji	horse	HORSE		615	-	Ø			
417	EMiji	house	HOUSE		1252	nam	nam			
420	EMiji	hundred	HUNDRED		1634	pəloŋ	pəloŋ			
426	EMiji	kill	KILL		1417	gaina	gaina			
427	EMiji	knife	KNIFE		1352	vaitʃoŋʒi	vaitʃoŋʒi			
428	EMiji	know	KNOW (SOMETHING)		1410	nina ~ nĭ	nina ~ ni			
429	EMiji	laugh	LAUGH		1355	tona	tona			
430	EMiji	leaf	LEAF		628	məlam ~  golap	məlam ~  golap			
433	EMiji	lick	LICK		319	-	Ø			
435	EMiji	light	LIGHT (WEIGHT)		1052	mənətaŋ	mənətaŋ			
437	EMiji	listen, hear	HEAR		1408	roina	roina			
439	EMiji	liver/lungs	LIVER		1224	-	Ø			
440	EMiji	long	LONG		1203	məpijaŋ	məpijaŋ			
441	EMiji	look, see	SEE		1409	gaŋna	gaŋna			
442	EMiji	louse	LOUSE		1392	-	Ø			
444	EMiji	man (male)	MALE PERSON		2106	ɲəjə	ɲəjə			
445	EMiji	meat	MEAT		634	sĭkijuŋ	sikijuŋ			
449	EMiji	moon	MOON		1313	lə	lə			
450	EMiji	mountain	MOUNTAIN		639	poŋ	poŋ			
451	EMiji	mouth; language	MOUTH		674	ɲek ~ ɲeləi	ɲek ~ ɲeləi			
453	EMiji	mother	MOTHER		1216	aɲe	aɲe			
454	EMiji	name	NAME		1405	mə̃rn	mə̃rn			
455	EMiji	near	NEAR		1942	məroi	məroi			
457	EMiji	new	NEW		1231	məkərə	məkərə			
459	EMiji	nine	NINE		1483	ɕətan	ɕətan			
460	EMiji	nose	NOSE		1221	nebijoŋ	nebijoŋ			
461	EMiji	old	OLD (AGED)		2112	məʃoʔ	məʃoʔ			
462	EMiji	one	ONE		1493	aŋ ~ akʰijo ~ akʰowa	aŋ ~ akʰijo ~ akʰowa			
463	EMiji	otter	OTTER		15	-	Ø			
464	EMiji	paddy rice	RICE PLANT		2026	ŋam	ŋam			
467	EMiji	pig	PIG		1337	dʒo(ʔ)	dʒo(ʔ)			
469	EMiji	pull	PULL		1455	bre ~ ɕaana	bre ~ ɕaana			
471	EMiji	rain	RAIN (PRECIPITATION)		658	fro	fro			
472	EMiji	red	RED		156	mətʃi	mətʃi			
475	EMiji	river	RIVER		666	vəjaŋ ~ vədo	vəjaŋ ~ vədo			
476	EMiji	road	ROAD		667	labaŋ	labaŋ			
477	EMiji	root	ROOT		670	məkʰən ~ gokʰrən	məkʰən ~ gokʰrən			
478	EMiji	round	ROUND		1395	mədəriu	mədəriu			
480	EMiji	run	RUN		1519	-	Ø			
482	EMiji	salt	SALT		1274	lə	lə			
483	EMiji	sand	SAND		671	ɕəgəroi	ɕəgəroi			
484	EMiji	seed	SEED		714	tailoi	tailoi			
486	EMiji	seven	SEVEN		1704	mija	mija			
488	EMiji	short	SHORT		1645	məruŋ	məruŋ			
489	EMiji	shoulder	SHOULDER		1482	-	Ø			
492	EMiji	six	SIX		1703	ra(m)	ra(m)			
493	EMiji	skin	SKIN		763	məpə ~ məpre	məpə ~ məpre			
494	EMiji	sky	SKY		1732	gijaŋ	gijaŋ			
495	EMiji	sleep	SLEEP		1585	dʒi(na)	dʒi(na)			
496	EMiji	smell (v)	SMELL (PERCEIVE)		1586	-	Ø			
497	EMiji	smoke (n.)	SMOKE (EXHAUST)		778	maikʰən	maikʰən			
498	EMiji	snake	SNAKE		730	bəu	bəu			
499	EMiji	snow	SNOW		784	-	Ø			
500	EMiji	soft, smooth	SMOOTH		1234	-	Ø			
501	EMiji	soil	EARTH (SOIL)		1228	naʔ	naʔ			
508	EMiji	stand	STAND		1442	gijon ~ gəroŋ	gijon ~ gəroŋ			
509	EMiji	star	STAR		1430	mətʃoŋbijaŋ ~ nitʃobijoŋ	mətʃoŋbijaŋ ~ nitʃobijoŋ			
510	EMiji	steal	STEAL		713	ʃikʰau ~ tʃəkʰə	ʃikʰau ~ tʃəkʰə			
512	EMiji	straight	STRAIGHT		1404	-	Ø			
514	EMiji	sun	SUN		1343	dʒoʔ	dʒoʔ			
520	EMiji	tail	TAIL		1220	mənəmə(re/rai)	mənəmə(re/rai)			
523	EMiji	ten	TEN		1515	lən	lən			
524	EMiji	that	THAT		78	paitʃia ~ paitʃəlo	paitʃia ~ paitʃəlo			
525	EMiji	that (lower)	THAT		78	-	Ø			
526	EMiji	thigh	UPPER LEG (THIGH)		471	-	Ø			
527	EMiji	think	THINK (REFLECT)		1415	-	Ø			
528	EMiji	this	THIS		1214	huŋlo ~ hə̃ŋai	huŋlo ~ hə̃ŋai			
530	EMiji	three	THREE		492	kʰətəm	kʰətəm			
533	EMiji	tongue	TONGUE		1205	jakʰe ~ jakʰijoi	jakʰe ~ jakʰijoi			
534	EMiji	tooth	TOOTH		1380	tə	tə			
535	EMiji	tree	TREE		906	(ge/go)noi	(ge/go)noi			
537	EMiji	two	TWO		1498	kəran ~ kʰerə	kəran ~ kʰerə			
540	EMiji	vomit	VOMIT		1278	-	Ø			
541	EMiji	walk	WALK		1443	daiʔna	daiʔna			
542	EMiji	hot, warm	HOT		1286	mədʒu ~ məzi ~ mələ	mədʒu ~ məzi ~ mələ			
543	EMiji	water	WATER		948	və	və			
546	EMiji	what	WHAT		1236	tən	tən			
547	EMiji	where	WHERE		1237	kʰək ~ kʰroi	kʰək ~ kʰroi			
548	EMiji	white	WHITE		1335	mugram ~ məgijaŋ	mugram ~ məgijaŋ			
549	EMiji	who	WHO		1235	təə	təə			
550	EMiji	wind	WIND		960	jo	jo			
552	EMiji	wing	WING		1257	-	Ø			
554	EMiji	wood	WOOD		1803	go ~ ge	go ~ ge			
555	EMiji	woman	WOMAN		962	nəmrai 	nəmrai 			
556	EMiji	year	YEAR		1226	dəraŋ	dəraŋ			
557	EMiji	yesterday	YESTERDAY		1174	təganogo	təganogo			
559	EMiji	1SG	I		1209	ɲijaŋ	ɲijaŋ			
560	EMiji	2SG	THOU		1215	ni	ni			
561	EMiji	3SG	HE OR SHE OR IT		262	ai	ai			
563	EMiji	1PL	WE (INCLUSIVE)		1131	ani ~ animihõŋ	ani ~ animihõŋ			
564	EMiji	2PL	YOU		1213	dʒimihõŋ ~ dʒei	dʒimihõŋ ~ dʒei			
567	WMiji	ant	ANT		587	ʃiŋiŋ ~ siɲi	ʃiŋiŋ ~ siɲi			
570	WMiji	bad	BAD		1292	məni ~ məɲi ~ aɲirə	məni ~ məɲi ~ aɲirə			
571	WMiji	bamboo (big)	BAMBOO		1927	brau ~ bro ~ dʒiu	brau ~ bro ~ dʒiu			
575	WMiji	big (thick, wide)	BIG		1202	mədo ~ ado ~ məhiŋ	mədo ~ ado ~ məhiŋ			
576	WMiji	bird	BIRD		937	bədʒə ~ budʒuʔ ~ bəzii; buzu̬ (SM)	bədʒə ~ budʒuʔ ~ bəzii; buzu̬ (SM)			
577	WMiji	bite	BITE		1403	tʰai ~ tʰaʔ	tʰai ~ tʰaʔ			
580	WMiji	blood	BLOOD		946	ʒi ~ dʒai	ʒi ~ dʒai			
581	WMiji	blow	BLOW (OF WIND)		175	-	Ø			
583	WMiji	body hair, feather	HAIR (BODY)		189	umu	umu			
585	WMiji	bone	BONE		1394	miliaŋ 	miliaŋ 			
588	WMiji	breast; milk	BREAST		1402	ʃufunu ~ ʃunovə; ɲu̬ (SM)	ʃufunu ~ ʃunovə; ɲu̬ (SM)			
590	WMiji	burn	BURNING		1428	fra(n/ŋ) ~ peneʔ; pʰrjaŋ ~ pʰen (SM)	fra(n/ŋ) ~ peneʔ; pʰrjaŋ ~ pʰen (SM)			
591	WMiji	cane; rope	ROPE		1218	ʃu (SM)	ʃu (SM)			
593	WMiji	child	CHILD (YOUNG HUMAN)		1304	amai (SM)	amai (SM)			
596	WMiji	cloud	CLOUD		1489	miemy ~ mimu; meimiu (SM)	miemy ~ mimu; meimiu (SM)			
602	WMiji	cry	CRY		1839	kʰə̆	kʰə			
607	WMiji	die	DIE		1494	tʃi	tʃi			
608	WMiji	dig	DIG		1418	tʰa̬u̬ (SM)	tʰa̬u̬ (SM)			
609	WMiji	dirty	DIRTY		1230	ni͡tʃi (SM)	ni͡tʃi (SM)			
612	WMiji	dream	DREAM		2374	tʰeme(ma) ~ tʰaimeʔ	tʰeme(ma) ~ tʰaimeʔ			
613	WMiji	drink	DRINK		1401	tʰoŋ ~ tʰoŋme; tʰuŋ (SM)	tʰoŋ ~ tʰoŋme; tʰuŋ (SM)			
614	WMiji	dry	DRY		1398	akʰijaŋ ~ məkʰəjam ~ mekʰijan; məkʰjaŋ (SM)	akʰijaŋ ~ məkʰəjam ~ mekʰijan; məkʰjaŋ (SM)			
615	WMiji	eat	EAT		1336	tʃu; t͡su̬ (SM)	tʃu; tsu̬ (SM)			
616	WMiji	egg	EGG		744	dori(ŋ)	dori(ŋ)			
617	WMiji	eight	EIGHT		1705	t͡ʃigə ~ səgə	tʃigə ~ səgə			
622	WMiji	excrement	SHIT (DEFECATE)		676	-	Ø			
623	WMiji	eye	EYE		1248	məri ~ meʔ ~ mer	məri ~ meʔ ~ mer			
624	WMiji	far	FAR		1406	maraŋ ~ arən ~ mərən	maraŋ ~ arən ~ mərən			
628	WMiji	fight	FIGHT		1423	nau-ri (SM)	nauØri (SM)			
630	WMiji	fire	FIRE		221	mai	mai			
632	WMiji	fish	FISH		227	tʰ(r)i; tʰui ~ t͡ʃui (SM)	tʰ(r)i; tʰui ~ tʃui (SM)			
633	WMiji	five	FIVE		493	boŋu ~ buŋu ~ pugu	boŋu ~ buŋu ~ pugu			
634	WMiji	flow	FLOW		2003	-	Ø			
635	WMiji	flower	FLOWER		239	uboʔ	uboʔ			
637	WMiji	frog	FROG		503	dʒou	dʒou			
638	WMiji	fruit	FRUIT		1507	utʰen	utʰen			
639	WMiji	four	FOUR		1500	bəlei ~ bli	bəlei ~ bli			
640	WMiji	full	FULL		1429	lən ~ len ~ pʰiɬaŋ; olin (SM)	lən ~ len ~ pʰiɬaŋ; olin (SM)			
642	WMiji	give	GIVE		1447	pʰebi ~ biʔna ~ bi	pʰebi ~ biʔna ~ bi			
643	WMiji	goat	GOAT		1502	tʃeprem ~ ʃəpʰə̆rən; ʃupʰrin (SM)	tʃeprem ~ ʃəpʰərən; ʃupʰrin (SM)			
646	WMiji	grass	GRASS		606	t͡sen (SM)	tsen (SM)			
649	WMiji	hair	HAIR		1040	upʰiu ~ wopʰijo	upʰiu ~ wopʰijo			
650	WMiji	hard	HARD		1884	məgaŋ (SM)	məgaŋ (SM)			
652	WMiji	hand, arm	HAND		1277	gi	gi			
654	WMiji	head	HEAD		1256	dəkʰijaŋ ~ uː ~ tokijaŋ	dəkʰijaŋ ~ uː ~ tokijaŋ			
655	WMiji	heart	HEART		1223	luŋvəuk ~ kebaŋlaŋ ~ məɲijo	luŋvəuk ~ kebaŋlaŋ ~ məɲijo			
656	WMiji	heavy	HEAVY		1210	məji ~ məiʔ ~ ai	məji ~ məiʔ ~ ai			
657	WMiji	horn	HORN (ANATOMY)		1393	(mə/a)(ʃu/ʃi) ʃoŋ /dʒuŋ	(mə/a)(ʃu/ʃi) ʃoŋ /dʒuŋ			
658	WMiji	horse	HORSE		615	ʃugro (SM)	ʃugro (SM)			
659	WMiji	house	HOUSE		1252	ɲan ~ ɲe ~ ɲeon; nen (SM)	ɲan ~ ɲe ~ ɲeon; nen (SM)			
662	WMiji	hundred	HUNDRED		1634	bluŋ ~ beluŋ	bluŋ ~ beluŋ			
668	WMiji	kill	KILL		1417	wai ~ waitʃo (strike, beat?)	wai ~ waitʃo (strike, beat?)			
669	WMiji	knife	KNIFE		1352	vetʃin ~ vaitʃoŋʒi; vait͡sən (SM)	vetʃin ~ vaitʃoŋʒi; vaitsən (SM)			
670	WMiji	know	KNOW (SOMETHING)		1410	nĭ ~ ŋintʃina ~ nintʃe; ɲi (SM)	ni ~ ŋintʃina ~ nintʃe; ɲi (SM)			
671	WMiji	laugh	LAUGH		1355	tʰo ~ tʰou	tʰo ~ tʰou			
672	WMiji	leaf	LEAF		628	məle ~ uleʔ	məle ~ uleʔ			
675	WMiji	lick	LICK		319	-	Ø			
677	WMiji	light	LIGHT (WEIGHT)		1052	malətʰaŋ ~ alitʰaŋ ~ mədətʰaŋ	malətʰaŋ ~ alitʰaŋ ~ mədətʰaŋ			
679	WMiji	listen, hear	HEAR		1408	rei	rei			
681	WMiji	liver/lungs	LIVER		1224	mətʰən (SM)	mətʰən (SM)			
682	WMiji	long	LONG		1203	məpijaŋ	məpijaŋ			
683	WMiji	look, see	SEE		1409	waŋ	waŋ			
684	WMiji	louse	LOUSE		1392	fi̬ (SM)	fi̬ (SM)			
686	WMiji	man (male)	MALE PERSON		2106	ɲiju ~ nuʔ ~ nuvə; nuvu (SM)	ɲiju ~ nuʔ ~ nuvə; nuvu (SM)			
687	WMiji	meat	MEAT		634	ʃitʃuŋ	ʃitʃuŋ			
691	WMiji	moon	MOON		1313	lɛ ~ lu	lɛ ~ lu			
692	WMiji	mountain	MOUNTAIN		639	pʰuŋ ~ poŋ	pʰuŋ ~ poŋ			
693	WMiji	mouth; language	MOUTH		674	niwi ~ nui	niwi ~ nui			
695	WMiji	mother	MOTHER		1216	anai ~ aɲi	anai ~ aɲi			
696	WMiji	name	NAME		1405	mə̃rn	mə̃rn			
697	WMiji	near	NEAR		1942	məni ~ aɲiŋ	məni ~ aɲiŋ			
699	WMiji	new	NEW		1231	məgəniu ~ agənu	məgəniu ~ agənu			
701	WMiji	nine	NINE		1483	sətən	sətən			
702	WMiji	nose	NOSE		1221	nibuŋ ~ nibiuŋ ~ nebijoŋ	nibuŋ ~ nibiuŋ ~ nebijoŋ			
703	WMiji	old	OLD (AGED)		2112	(a/mə)ʃoʔ	(a/mə)ʃoʔ			
704	WMiji	one	ONE		1493	akʰeʔ ~ akʰijo ~ akʰo ~ atro	akʰeʔ ~ akʰijo ~ akʰo ~ atro			
705	WMiji	otter	OTTER		15	-	Ø			
706	WMiji	paddy rice	RICE PLANT		2026	enʃo ~ aɲsoʔ ~ an	enʃo ~ aɲsoʔ ~ an			
709	WMiji	pig	PIG		1337	dʒio ~ dʒuo ~ dʒoʔ; ʒo (SM)	dʒio ~ dʒuo ~ dʒoʔ; ʒo (SM)			
711	WMiji	pull	PULL		1455	roʔ ~ horo	roʔ ~ horo			
713	WMiji	rain	RAIN (PRECIPITATION)		658	fro; pʰrjo (SM)	fro; pʰrjo (SM)			
714	WMiji	red	RED		156	mətʃə ~ mətʃu ~ atʃu	mətʃə ~ mətʃu ~ atʃu			
717	WMiji	river	RIVER		666	vəjaŋ ~ vədo	vəjaŋ ~ vədo			
718	WMiji	road	ROAD		667	labaŋ ~ lembaŋ	labaŋ ~ lembaŋ			
719	WMiji	root	ROOT		670	kʰrən ~ okʰriŋ ~ ukʰən	kʰrən ~ okʰriŋ ~ ukʰən			
720	WMiji	round	ROUND		1395	mədəriu	mədəriu			
722	WMiji	run	RUN		1519	ʒum (SM)	ʒum (SM)			
724	WMiji	salt	SALT		1274	lu	lu			
725	WMiji	sand	SAND		671	bai; balji (SM)	bai; balji (SM)			
726	WMiji	seed	SEED		714	tʰe-li ~ ăli ~ tʰe-dʒo ~ ma-lai	tʰeØli ~ ali ~ tʰeØdʒo ~ maØlai			
728	WMiji	seven	SEVEN		1704	mija(k)	mija(k)			
730	WMiji	short	SHORT		1645	məruŋ ~ aruŋ	məruŋ ~ aruŋ			
731	WMiji	shoulder	SHOULDER		1482	pastuŋ (SM)	pastuŋ (SM)			
734	WMiji	six	SIX		1703	re(ʔ)	re(ʔ)			
735	WMiji	skin	SKIN		763	məpre	məpre			
736	WMiji	sky	SKY		1732	(na)d͡ʒang	(na)dʒang			
737	WMiji	sleep	SLEEP		1585	dʒi	dʒi			
738	WMiji	smell (v)	SMELL (PERCEIVE)		1586	ɲen (SM)	ɲen (SM)			
739	WMiji	smoke (n.)	SMOKE (EXHAUST)		778	maikʰən	maikʰən			
740	WMiji	snake	SNAKE		730	bʰu ~ nabu ~ ɲabəu	bʰu ~ nabu ~ ɲabəu			
741	WMiji	snow	SNOW		784	dəlen (SM)	dəlen (SM)			
742	WMiji	soft, smooth	SMOOTH		1234	məbəlja̬ (SM)	məbəlja̬ (SM)			
743	WMiji	soil	EARTH (SOIL)		1228	naʔ	naʔ			
750	WMiji	stand	STAND		1442	gijon ~ magarangiu	gijon ~ magarangiu			
751	WMiji	star	STAR		1430	dətʃuŋ	dətʃuŋ			
752	WMiji	steal	STEAL		713	(t͡ʃi)kʰə	(tʃi)kʰə			
754	WMiji	straight	STRAIGHT		1404	mugəraŋ (SM)	mugəraŋ (SM)			
756	WMiji	sun	SUN		1343	dʒoʔ; zuʔ (SM)	dʒoʔ; zuʔ (SM)			
762	WMiji	tail	TAIL		1220	adəmai ~ adɛmek ~ mədərə; dimra̬i̬ (SM)	adəmai ~ adɛmek ~ mədərə; dimra̬i̬ (SM)			
765	WMiji	ten	TEN		1515	ɬən ~ lən	ɬən ~ lən			
766	WMiji	that	THAT		78	paitʃəlo ~ pʰetʃilo ~ pʰetʃoi	paitʃəlo ~ pʰetʃilo ~ pʰetʃoi			
767	WMiji	that (lower)	THAT		78	pʰut͡su (SM)	pʰutsu (SM)			
768	WMiji	thigh	UPPER LEG (THIGH)		471	lu̬ (SM)	lu̬ (SM)			
769	WMiji	think	THINK (REFLECT)		1415	mjen, ʃu (SM)	mjen, ʃu (SM)			
770	WMiji	this	THIS		1214	huŋlo ~ huŋji	huŋlo ~ huŋji			
772	WMiji	three	THREE		492	gətən ~ kətʰən ~ kʰətəm	gətən ~ kətʰən ~ kʰətəm			
775	WMiji	tongue	TONGUE		1205	dʒakihi ~  jaʔkʰi ~ lakʃi; ʒe̬gʰi (SM)	dʒakihi ~  jaʔkʰi ~ lakʃi; ʒe̬gʰi (SM)			
776	WMiji	tooth	TOOTH		1380	tʰu ~ tu	tʰu ~ tu			
777	WMiji	tree	TREE		906	uɲi ~ uniʔ ~ oʔni; ou (SM)	uɲi ~ uniʔ ~ oʔni; ou (SM)			
779	WMiji	two	TWO		1498	geni ~ gərin	geni ~ gərin			
782	WMiji	vomit	VOMIT		1278	mu (SM)	mu (SM)			
783	WMiji	walk	WALK		1443	dai ~ naidaidu ~ daidewo ~ daiʔna	dai ~ naidaidu ~ daidewo ~ daiʔna			
784	WMiji	hot, warm	HOT		1286	adʒiu ~ mədʒ(i)u; məʒiu (SM)	adʒiu ~ mədʒ(i)u; məʒiu (SM)			
785	WMiji	water	WATER		948	və	və			
788	WMiji	what	WHAT		1236	tan ~ tin ~ tʰen;  tʰin (SM)	tan ~ tin ~ tʰen;  tʰin (SM)			
789	WMiji	where	WHERE		1237	kʰəjo ~ kʰija	kʰəjo ~ kʰija			
790	WMiji	white	WHITE		1335	mugram ~ magəran ~ magəran	mugram ~ magəran ~ magəran			
791	WMiji	who	WHO		1235	tʃʰu ~ tʃiu	tʃʰu ~ tʃiu			
792	WMiji	wind	WIND		960	jo	jo			
794	WMiji	wing	WING		1257	gət͡ʃi (SM)	gətʃi (SM)			
796	WMiji	wood	WOOD		1803	u ~ oʔ 	u ~ oʔ 			
797	WMiji	woman	WOMAN		962	nəmeg ~ nəmrai ~ numazə	nəmeg ~ nəmrai ~ numazə			
798	WMiji	year	YEAR		1226	dure(n)	dure(n)			
799	WMiji	yesterday	YESTERDAY		1174	degau	degau			
801	WMiji	1SG	I		1209	nijaŋ ~ ɲijaŋ; ɲaŋ (SM)	nijaŋ ~ ɲijaŋ; ɲaŋ (SM)			
802	WMiji	2SG	THOU		1215	ni	ni			
803	WMiji	3SG	HE OR SHE OR IT		262	i  ~ pʰet͡ʃu	i  ~ pʰetʃu			
805	WMiji	1PL	WE (INCLUSIVE)		1131	ani ~ aɲijaahuŋ	ani ~ aɲijaahuŋ			
806	WMiji	2PL	YOU		1213	dʒi ~ ina ~ dʒiməʃuŋ	dʒi ~ ina ~ dʒiməʃuŋ			
809	Hruso	ant	ANT		587	siɲi	siɲi			
812	Hruso	bad	BAD		1292	mau	mau			
813	Hruso	bamboo (big)	BAMBOO		1927	sə	sə			
817	Hruso	big (thick, wide)	BIG		1202	djo; dɛu (SA)	djo; dɛu (SA)			
818	Hruso	bird	BIRD		937	musə	musə			
819	Hruso	bite	BITE		1403	tʰodʒo	tʰodʒo			
822	Hruso	blood	BLOOD		946	ʃə; iʃə (SA)	ʃə; iʃə (SA)			
823	Hruso	blow	BLOW (OF WIND)		175	-	Ø			
825	Hruso	body hair, feather	HAIR (BODY)		189	(u/i)mu (SA)	(u/i)mu (SA)			
827	Hruso	bone	BONE		1394	ʔə̆xə̆be; erəbje (SA)	ʔəxəbe; erəbje (SA)			
830	Hruso	breast; milk	BREAST		1402	apʰu	apʰu			
832	Hruso	burn	BURNING		1428	pejo; pʰwa (SA)	pejo; pʰwa (SA)			
833	Hruso	cane; rope	ROPE		1218	ʃu (SA)	ʃu (SA)			
835	Hruso	child	CHILD (YOUNG HUMAN)		1304	sa (SA)	sa (SA)			
838	Hruso	cloud	CLOUD		1489	məmə; mum(u) (SA)	məmə; mum(u) (SA)			
844	Hruso	cry	CRY		1839	kʃo	kʃo			
849	Hruso	die	DIE		1494	dʒudʒo; d͡za/i (SA)	dʒudʒo; dza/i (SA)			
850	Hruso	dig	DIG		1418	t͡ʃi (SA)	tʃi (SA)			
851	Hruso	dirty	DIRTY		1230	ɲit͡s kriɲiu (SA)	ɲits kriɲiu (SA)			
854	Hruso	dream	DREAM		2374	tʃʰimijo	tʃʰimijo			
855	Hruso	drink	DRINK		1401	tʰudʒo	tʰudʒo			
856	Hruso	dry	DRY		1398	kɹo; kʰrou (SA)	kɹo; kʰrou (SA)			
857	Hruso	eat	EAT		1336	tʃadʒo; t͡sa (SA)	tʃadʒo; tsa (SA)			
858	Hruso	egg	EGG		744	dʒedʒe	dʒedʒe			
859	Hruso	eight	EIGHT		1705	ʃəgdʒə; səg͡zə (SA)	ʃəgdʒə; səgzə (SA)			
864	Hruso	excrement	SHIT (DEFECATE)		676	-	Ø			
865	Hruso	eye	EYE		1248	ʔiɲi	ʔiɲi			
866	Hruso	far	FAR		1406	ʔəxə; əra (SA)	ʔəxə; əra (SA)			
870	Hruso	fight	FIGHT		1423	tʰo-ri (SA)	tʰoØri (SA)			
872	Hruso	fire	FIRE		221	mi	mi			
874	Hruso	fish	FISH		227	tʃʰe; t͡ʃʰi (SA)	tʃʰe; tʃʰi (SA)			
875	Hruso	five	FIVE		493	pom; pum (SA)	pom; pum (SA)			
876	Hruso	flow	FLOW		2003	-	Ø			
877	Hruso	flower	FLOWER		239	ʃoba	ʃoba			
879	Hruso	frog	FROG		503	ʃedʒa; ʃəza (SA)	ʃedʒa; ʃəza (SA)			
880	Hruso	fruit	FRUIT		1507	ʃə̆dʒe	ʃədʒe			
881	Hruso	four	FOUR		1500	psə̌xi; pʰiri (SA)	psəxi; pʰiri (SA)			
882	Hruso	full	FULL		1429	gu	gu			
884	Hruso	give	GIVE		1447	dʒidʒo	dʒidʒo			
885	Hruso	goat	GOAT		1502	kʰəʃə; kʰisi (SA)	kʰəʃə; kʰisi (SA)			
888	Hruso	grass	GRASS		606	bije ~ t͡sə ~ suso (SA)	bije ~ tsə ~ suso (SA)			
891	Hruso	hair	HAIR		1040	ʔeketʃe; ikʰijet͡ʃʰi (SA)	ʔeketʃe; ikʰijetʃʰi (SA)			
892	Hruso	hard	HARD		1884	goɣou (AA); gorou	goɣou (AA); gorou			
894	Hruso	hand, arm	HAND		1277	ʔagdʒə; eg͡zə (SA)	ʔagdʒə; egzə (SA)			
896	Hruso	head	HEAD		1256	ʔekʰje	ʔekʰje			
897	Hruso	heart	HEART		1223	ʔə̆lə̆biu	ʔələbiu			
898	Hruso	heavy	HEAVY		1210	ju; liu (SA)	ju; liu (SA)			
899	Hruso	horn	HORN (ANATOMY)		1393	ʔəʃəbdʒa; səb͡zə (SA)	ʔəʃəbdʒa; səbzə (SA)			
900	Hruso	horse	HORSE		615	fugra (SA)	fugra (SA)			
901	Hruso	house	HOUSE		1252	ɲe	ɲe			
904	Hruso	hundred	HUNDRED		1634	ɸoxa; pʰuɣu (SA)	ɸoxa; pʰuɣu (SA)			
910	Hruso	kill	KILL		1417	gə (SA)	gə (SA)			
911	Hruso	knife	KNIFE		1352	betʃasa; vet͡sə (SA)	betʃasa; vetsə (SA)			
912	Hruso	know	KNOW (SOMETHING)		1410	d̪aŋxudʒo; hosə (SA)	daŋxudʒo; hosə (SA)			
913	Hruso	laugh	LAUGH		1355	tʃʰəjo; t͡ʃi (SA)	tʃʰəjo; tʃi (SA)			
914	Hruso	leaf	LEAF		628	ʔə̆xe; ʃere (SA)	ʔəxe; ʃere (SA)			
917	Hruso	lick	LICK		319	-	Ø			
919	Hruso	light	LIGHT (WEIGHT)		1052	lə̆to; lutʰou (SA)	ləto; lutʰou (SA)			
921	Hruso	listen, hear	HEAR		1408	dʒədʒo; d͡zəxu (SA)	dʒədʒo; dzəxu (SA)			
923	Hruso	liver/lungs	LIVER		1224	ě-djǔ (AS)	eØdju (AS)			
924	Hruso	long	LONG		1203	pʃu; psiu (SA)	pʃu; psiu (SA)			
925	Hruso	look, see	SEE		1409	hodʒo	hodʒo			
926	Hruso	louse	LOUSE		1392	ʃə (SA)	ʃə (SA)			
928	Hruso	man (male)	MALE PERSON		2106	mə̆hu; muxu nəna (SA)	məhu; muxu nəna (SA)			
929	Hruso	meat	MEAT		634	ɸu; t͡sə, sə (SA)	ɸu; tsə, sə (SA)			
933	Hruso	moon	MOON		1313	hŏbe; hubje (SA)	hobe; hubje (SA)			
934	Hruso	mountain	MOUNTAIN		639	pʰu; pʰudeu (SA)	pʰu; pʰudeu (SA)			
935	Hruso	mouth; language	MOUTH		674	ʔə̆nzu; und͡zu (SA)	ʔənzu; undzu (SA)			
937	Hruso	mother	MOTHER		1216	aɲi	aɲi			
938	Hruso	name	NAME		1405	ʔəɲəɲə; ʔaɲiɲi (SA)	ʔəɲəɲə; ʔaɲiɲi (SA)			
939	Hruso	near	NEAR		1942	ʔəɲisə	ʔəɲisə			
941	Hruso	new	NEW		1231	ʔə̆kə̆n; əkʰən (SA)	ʔəkən; əkʰən (SA)			
943	Hruso	nine	NINE		1483	st̪ə; stʰə (SA)	st̪ə; stʰə (SA)			
944	Hruso	nose	NOSE		1221	ʔuʃə; (un/nu) su (SA)	ʔuʃə; (un/nu) su (SA)			
945	Hruso	old	OLD (AGED)		2112	ʔə̆me;  emije (SA)	ʔəme;  emije (SA)			
946	Hruso	one	ONE		1493	ʔa	ʔa			
947	Hruso	otter	OTTER		15	size (SA)	size (SA)			
948	Hruso	paddy rice	RICE PLANT		2026	ʔo	ʔo			
951	Hruso	pig	PIG		1337	ʋo; vo (SA)	ʋo; vo (SA)			
953	Hruso	pull	PULL		1455	byjo	byjo			
955	Hruso	rain	RAIN (PRECIPITATION)		658	jedʒăʃə; ɲed͡zəʃi (SA)	jedʒaʃə; ɲedzəʃi (SA)			
956	Hruso	red	RED		156	tʃu	tʃu			
959	Hruso	river	RIVER		666	kʰu; xudɛu (SA)	kʰu; xudɛu (SA)			
960	Hruso	road	ROAD		667	xabo; rabo (SA)	xabo; rabo (SA)			
961	Hruso	root	ROOT		670	ʔə̆kʃe; əkʰrə (SA)	ʔəkʃe; əkʰrə (SA)			
962	Hruso	round	ROUND		1395	od͡ʒou; ud͡ʒərəu (SA)	odʒou; udʒərəu (SA)			
964	Hruso	run	RUN		1519	-	Ø			
966	Hruso	salt	SALT		1274	xu; ru ~ ɣu (SA)	xu; ru ~ ɣu (SA)			
967	Hruso	sand	SAND		671	bali	bali			
968	Hruso	seed	SEED		714	ʔə̌sə	ʔəsə			
970	Hruso	seven	SEVEN		1704	mɹo; mrjo (SA)	mɹo; mrjo (SA)			
972	Hruso	short	SHORT		1645	ʔĕtʃesa; udu(sa) (SA)	ʔetʃesa; udu(sa) (SA)			
973	Hruso	shoulder	SHOULDER		1482	-	Ø			
976	Hruso	six	SIX		1703	xe; rijɛ (SA)	xe; rijɛ (SA)			
977	Hruso	skin	SKIN		763	ʔə̆tʃʰə	ʔətʃʰə			
978	Hruso	sky	SKY		1732	med͡ze; ɲed͡zə (SA)	medze; ɲedzə (SA)			
979	Hruso	sleep	SLEEP		1585	dɹumudʒo; d͡ʒu (SA)	dɹumudʒo; dʒu (SA)			
980	Hruso	smell (v)	SMELL (PERCEIVE)		1586	sohu (SA)	sohu (SA)			
981	Hruso	smoke (n.)	SMOKE (EXHAUST)		778	mŭkʃə	mukʃə			
982	Hruso	snake	SNAKE		730	by	by			
983	Hruso	snow	SNOW		784	tʰĩɲo (SA)	tʰĩɲo (SA)			
984	Hruso	soft, smooth	SMOOTH		1234	d͡ʒu; nə (SA)	dʒu; nə (SA)			
985	Hruso	soil	EARTH (SOIL)		1228	no	no			
992	Hruso	stand	STAND		1442	gudʒu	gudʒu			
993	Hruso	star	STAR		1430	lə̆t͡sə	lətsə			
994	Hruso	steal	STEAL		713	kʃatʃudʒo; sak͡sə ~ t͡sak͡sə (SA)	kʃatʃudʒo; saksə ~ tsaksə (SA)			
996	Hruso	straight	STRAIGHT		1404	gədou (SA)	gədou (SA)			
998	Hruso	sun	SUN		1343	dɹu; d͡ʒu (SA)	dɹu; dʒu (SA)			
1004	Hruso	tail	TAIL		1220	ʔexem; ərim (SA)	ʔexem; ərim (SA)			
1007	Hruso	ten	TEN		1515	xə; ɣə ~ rə (SA)	xə; ɣə ~ rə (SA)			
1008	Hruso	that	THAT		78	tʰose	tʰose			
1009	Hruso	that (lower)	THAT		78	-	Ø			
1010	Hruso	thigh	UPPER LEG (THIGH)		471	-	Ø			
1011	Hruso	think	THINK (REFLECT)		1415	-	Ø			
1012	Hruso	this	THIS		1214	heji; huŋlo (SA)	heji; huŋlo (SA)			
1014	Hruso	three	THREE		492	dʒə;  d͡zə (SA)	dʒə;  dzə (SA)			
1017	Hruso	tongue	TONGUE		1205	ʔedʒabla; zebla (SA)	ʔedʒabla; zebla (SA)			
1018	Hruso	tooth	TOOTH		1380	ʔetʰu; ət͡ʃu (SA)	ʔetʰu; ətʃu (SA)			
1019	Hruso	tree	TREE		906	ʃoɲi; ʃõn (SA)	ʃoɲi; ʃõn (SA)			
1021	Hruso	two	TWO		1498	kʃə; k͡sə (SA)	kʃə; ksə (SA)			
1024	Hruso	vomit	VOMIT		1278	-	Ø			
1025	Hruso	walk	WALK		1443	d͡ʒe (SA); dʒu	dʒe (SA); dʒu			
1026	Hruso	hot, warm	HOT		1286	ʃu; ʃəu (SA)	ʃu; ʃəu (SA)			
1027	Hruso	water	WATER		948	kʰu	kʰu			
1030	Hruso	what	WHAT		1236	ha	ha			
1031	Hruso	where	WHERE		1237	hagə; hago (SA)	hagə; hago (SA)			
1032	Hruso	white	WHITE		1335	gro	gro			
1033	Hruso	who	WHO		1235	dʒu; d͡zu (SA)	dʒu; dzu (SA)			
1034	Hruso	wind	WIND		960	lau (SA)	lau (SA)			
1036	Hruso	wing	WING		1257	-	Ø			
1038	Hruso	wood	WOOD		1803	ʃo	ʃo			
1039	Hruso	woman	WOMAN		962	mim(i)	mim(i)			
1040	Hruso	year	YEAR		1226	ʔodʒe; lid͡zə (SA)	ʔodʒe; lidzə (SA)			
1041	Hruso	yesterday	YESTERDAY		1174	ɸu; fwu (SA)	ɸu; fwu (SA)			
1043	Hruso	1SG	I		1209	no	no			
1044	Hruso	2SG	THOU		1215	bʰa	bʰa			
1045	Hruso	3SG	HE OR SHE OR IT		262	ʔi	ʔi			
1047	Hruso	1PL	WE (INCLUSIVE)		1131	ɲi; ani (SA)	ɲi; ani (SA)			
1048	Hruso	2PL	YOU		1213	dʒo	dʒo			
1051	PH	ant	ANT		587	*si-ni	si+ni			
1054	PH	bad	BAD		1292	*mə-niŋ	mə+niŋ			
1055	PH	bamboo (big)	BAMBOO		1927	*bra	bra			
1059	PH	big (thick, wide)	BIG		1202	*mə-doʔ	mə+doʔ			
1060	PH	bird	BIRD		937	*bə-dow	bə+dow			
1061	PH	bite	BITE		1403	*taʔ	taʔ			
1064	PH	blood	BLOOD		946	*jaC	jaC			
1065	PH	blow	BLOW (OF WIND)		175	-	Ø			
1067	PH	body hair, feather	HAIR (BODY)		189	*mə-muC	mə+muC			
1069	PH	bone	BONE		1394	*mə-ri-jaŋ	mə+ri+jaŋ			
1072	PH	breast; milk	BREAST		1402	*mə-nuŋ	mə+nuŋ			
1074	PH	burn	BURNING		1428	-	Ø			
1075	PH	cane; rope	ROPE		1218	*su	su			
1077	PH	child	CHILD (YOUNG HUMAN)		1304	-	Ø			
1080	PH	cloud	CLOUD		1489	*majməwŋ	majməwŋ			
1086	PH	cry	CRY		1839	*kraC	kraC			
1091	PH	die	DIE		1494	*θəj	θəj			
1092	PH	dig	DIG		1418	*taC	taC			
1093	PH	dirty	DIRTY		1230	*ni-t͡ɕi	ni+tɕi			
1096	PH	dream	DREAM		2374	*tai-mə	tai+mə			
1097	PH	drink	DRINK		1401	*tuŋ	tuŋ			
1098	PH	dry	DRY		1398	*mə-ki-laŋ	mə+ki+laŋ			
1099	PH	eat	EAT		1336	*t͡ɕa	tɕa			
1100	PH	egg	EGG		744	*do-riŋ	do+riŋ			
1101	PH	eight	EIGHT		1705	*sə-giC	sə+giC			
1106	PH	excrement	SHIT (DEFECATE)		676	-	Ø			
1107	PH	eye	EYE		1248	*mə-jaʔ	mə+jaʔ			
1108	PH	far	FAR		1406	*mə-rəŋ	mə+rəŋ			
1112	PH	fight	FIGHT		1423	*rəj	rəj			
1114	PH	fire	FIRE		221	*maj	maj			
1116	PH	fish	FISH		227	*trV	trV			
1117	PH	five	FIVE		493	*bə-ŋu	bə+ŋu			
1118	PH	flow	FLOW		2003	-	Ø			
1119	PH	flower	FLOWER		239	*mə-boC	mə+boC			
1121	PH	frog	FROG		503	*d͡ʑuC	dʑuC			
1122	PH	fruit	FRUIT		1507	*θai	θai			
1123	PH	four	FOUR		1500	*bə-ləj	bə+ləj			
1124	PH	full	FULL		1429	*liŋ	liŋ			
1126	PH	give	GIVE		1447	*bəj	bəj			
1127	PH	goat	GOAT		1502	*se-preN	se+preN			
1130	PH	grass	GRASS		606	-	Ø			
1133	PH	hair	HAIR		1040	*go-pu	go+pu			
1134	PH	hard	HARD		1884	*mə-gaŋ-lo	mə+gaŋ+lo			
1136	PH	hand, arm	HAND		1277	*mə-guC	mə+guC			
1138	PH	head	HEAD		1256	*mə-go-kuŋ	mə+go+kuŋ			
1139	PH	heart	HEART		1223	*mə-luŋ-wəwC	mə+luŋ+wəwC			
1140	PH	heavy	HEAVY		1210	*mə-ləj	mə+ləj			
1141	PH	horn	HORN (ANATOMY)		1393	*mə-su	mə+su			
1142	PH	horse	HORSE		615	-	Ø			
1143	PH	house	HOUSE		1252	*nam	nam			
1146	PH	hundred	HUNDRED		1634	*bə-luŋ	bə+luŋ			
1152	PH	kill	KILL		1417	*gajC	gajC			
1153	PH	knife	KNIFE		1352	*vaj-t͡suŋ	vaj+tsuŋ			
1154	PH	know	KNOW (SOMETHING)		1410	*ni	ni			
1155	PH	laugh	LAUGH		1355	*toC	toC			
1156	PH	leaf	LEAF		628	*mə-rajC	mə+rajC			
1159	PH	lick	LICK		319	-	Ø			
1161	PH	light	LIGHT (WEIGHT)		1052	*mə-lə-taŋ	mə+lə+taŋ			
1163	PH	listen, hear	HEAR		1408	*rej	rej			
1165	PH	liver/lungs	LIVER		1224	*mə-θin LIVER	mə+θin LIVER			
1166	PH	long	LONG		1203	*mə-pjaŋ	mə+pjaŋ			
1167	PH	look, see	SEE		1409	*gaŋ	gaŋ			
1168	PH	louse	LOUSE		1392	*saC	saC			
1170	PH	man (male)	MALE PERSON		2106	*niC	niC			
1171	PH	meat	MEAT		634	*su	su			
1175	PH	moon	MOON		1313	*lu	lu			
1176	PH	mountain	MOUNTAIN		639	-	Ø			
1177	PH	mouth; language	MOUTH		674	*mə-nuŋ	mə+nuŋ			
1179	PH	mother	MOTHER		1216	*me-naj	me+naj			
1180	PH	name	NAME		1405	*mə-mjiŋ	mə+mjiŋ			
1181	PH	near	NEAR		1942	*mə-nej	mə+nej			
1183	PH	new	NEW		1231	*mə-gə-nu	mə+gə+nu			
1185	PH	nine	NINE		1483	*sə-tiŋ	sə+tiŋ			
1186	PH	nose	NOSE		1221	-	Ø			
1187	PH	old	OLD (AGED)		2112	*mə-ɕoʔ	mə+ɕoʔ			
1188	PH	one	ONE		1493	*a-ken	a+ken			
1189	PH	otter	OTTER		15	-	Ø			
1190	PH	paddy rice	RICE PLANT		2026	*an	an			
1193	PH	pig	PIG		1337	*jowʔ	jowʔ			
1195	PH	pull	PULL		1455	-	Ø			
1197	PH	rain	RAIN (PRECIPITATION)		658	*nə-dəj; *pro	nə+dəj; pro			
1198	PH	red	RED		156	*t͡ɕaʔ	tɕaʔ			
1201	PH	river	RIVER		666	-	Ø			
1202	PH	road	ROAD		667	*lam-baŋ	lam+baŋ			
1203	PH	root	ROOT		670	*mə-kriŋ	mə+kriŋ			
1204	PH	round	ROUND		1395	*mə-də-rəw	mə+də+rəw			
1206	PH	run	RUN		1519	-	Ø			
1208	PH	salt	SALT		1274	*lu	lu			
1209	PH	sand	SAND		671	*sə-gə-raj	sə+gə+raj			
1210	PH	seed	SEED		714	*mə-θai	mə+θai			
1212	PH	seven	SEVEN		1704	*mə-ljak	mə+ljak			
1214	PH	short	SHORT		1645	*mə-nuŋ	mə+nuŋ			
1215	PH	shoulder	SHOULDER		1482	-	Ø			
1218	PH	six	SIX		1703	*reC	reC			
1219	PH	skin	SKIN		763	*mə-prja	mə+prja			
1220	PH	sky	SKY		1732	*nə-də-laŋ	nə+də+laŋ			
1221	PH	sleep	SLEEP		1585	*d͡ʑV	dʑV			
1222	PH	smell (v)	SMELL (PERCEIVE)		1586	-	Ø			
1223	PH	smoke (n.)	SMOKE (EXHAUST)		778	*maj-kən	maj+kən			
1224	PH	snake	SNAKE		730	*bəw	bəw			
1225	PH	snow	SNOW		784	*dəren	dəren			
1226	PH	soft, smooth	SMOOTH		1234	*mə-lə-prjuC	mə+lə+prjuC			
1227	PH	soil	EARTH (SOIL)		1228	*naʔ	naʔ			
1234	PH	stand	STAND		1442	*gu	gu			
1235	PH	star	STAR		1430	*lə-t͡ɕuŋ	lə+tɕuŋ			
1236	PH	steal	STEAL		713	*kə	kə			
1238	PH	straight	STRAIGHT		1404	*mə-gə-raŋ 	mə+gə+raŋ 			
1240	PH	sun	SUN		1343	*d͡ʑuʔ	dʑuʔ			
1246	PH	tail	TAIL		1220	*mə-lə-mrjaj	mə+lə+mrjaj			
1249	PH	ten	TEN		1515	*rəŋ	rəŋ			
1250	PH	that	THAT		78	*paj-t͡ɕi	paj+tɕi			
1251	PH	that (lower)	THAT		78	*pu-t͡ɕi	pu+tɕi			
1252	PH	thigh	UPPER LEG (THIGH)		471	*mə-lu	mə+lu			
1253	PH	think	THINK (REFLECT)		1415	-	Ø			
1254	PH	this	THIS		1214	*huŋ	huŋ			
1256	PH	three	THREE		492	*gə-θəm	gə+θəm			
1259	PH	tongue	TONGUE		1205	*bə-laj	bə+laj			
1260	PH	tooth	TOOTH		1380	*mə-taC	mə+taC			
1261	PH	tree	TREE		906	*(g)o-naj	(g)o+naj			
1263	PH	two	TWO		1498	*gə-niC	gə+niC			
1266	PH	vomit	VOMIT		1278	*mu	mu			
1267	PH	walk	WALK		1443	*daj	daj			
1268	PH	hot, warm	HOT		1286	*t͡ɕaC	tɕaC			
1269	PH	water	WATER		948	*wi	wi			
1272	PH	what	WHAT		1236	*tiŋ	tiŋ			
1273	PH	where	WHERE		1237	*kəʔ	kəʔ			
1274	PH	white	WHITE		1335	*mə-gə-raN	mə+gə+raN			
1275	PH	who	WHO		1235	*θu	θu			
1276	PH	wind	WIND		960	*low	low			
1278	PH	wing	WING		1257	*gə/mə-t͡ɕəwC	gə/mə+tɕəwC			
1280	PH	wood	WOOD		1803	*(g)o	(g)o			
1281	PH	woman	WOMAN		962	*nəməraj	nəməraj			
1282	PH	year	YEAR		1226	*də-niŋ	də+niŋ			
1283	PH	yesterday	YESTERDAY		1174	*də-gaC	də+gaC			
1285	PH	1SG	I		1209	*na(-jaŋ)	na(+jaŋ)			
1286	PH	2SG	THOU		1215	*ni	ni			
1287	PH	3SG	HE OR SHE OR IT		262	*ʔi	ʔi			
1289	PH	1PL	WE (INCLUSIVE)		1131	*ka-ni	ka+ni			
1290	PH	2PL	YOU		1213	*d͡ʑV	dʑV			
