ENTRYID	form	gloss	CONCEPTICON_GLOSS	CONCEPTICON_ID	gfn	language	source	srcid	note
182917	a³³ tɕiaŋ⁵³	top	ABOVE	1741	1431	Puroik	ZMYYC		
230959	mə³³ ləŋ³³	all / even	ALL	98	1431	Puroik	ZMYYC		
188017	gɹæn³³ gɹo⁵³	ant	ANT	587	1431	Puroik	ZMYYC		
193525	pua³³ kə³³ jo⁵³	armpit	ARMPIT	1886	1431	Puroik	ZMYYC		
223921	ba³³ niaŋ¹¹	bad	BAD	1292	1431	Puroik	ZMYYC		
189343	mə³³ tə³³	bamboo	BAMBOO	1927	1431	Puroik	ZMYYC		
219841	a³³ ɕik³³	alive	BE ALIVE	1422	1431	Puroik	ZMYYC		
193270	θui³³	belly	BELLY	1251	1431	Puroik	ZMYYC		
182968	a³³ ɣua¹¹	underneath	BELOW OR UNDER	1485	1431	Puroik	ZMYYC		
220810	a³³ bua³³	big	BIG	1202	1431	Puroik	ZMYYC		
187252	pə³³ tu³³	bird	BIRD	937	1431	Puroik	ZMYYC		
207295	tua⁵³	bite	BITE	1403	1431	Puroik	ZMYYC		
222901	a³³ ɦiɛ⁵³	black	BLACK	163	1431	Puroik	ZMYYC		
193678	hue⁵³	blood	BLOOD	946	1431	Puroik	ZMYYC		
218413	huȶ³³	blow (of wind)	BLOW (OF WIND)	175	1431	Puroik	ZMYYC		
191485	heʴn³³chəʴ	branch	BRANCH	1531	1431	Puroik	ZMYYC		
193219	a³³ niɛ¹¹	breast	BREAST	1402	1431	Puroik	ZMYYC		
211426	vɛʴ³³	buy	BUY	1869	1431	Puroik	ZMYYC		
207346	we³³	chew	CHEW	321	1431	Puroik	ZMYYC		
195055	a³³ dʑiaŋ³³	child	CHILD (YOUNG HUMAN)	1304	1431	Puroik	ZMYYC		
188884	a³³ læ³³	claw	CLAW OR NAIL	2128	1431	Puroik	ZMYYC		
180316	kə³³ tɯ³³	cloud	CLOUD	1489	1431	Puroik	ZMYYC		
225094	a³³ ɣɯək³³	cold	COLD	1287	1431	Puroik	ZMYYC		
217597	u³³	come	COME	1446	1431	Puroik	ZMYYC		
211528	gɛʴ⁵³	count	COUNT	1420	1431	Puroik	ZMYYC		
222544	a³³ ciȶ³³	dark	DARK	706	1431	Puroik	ZMYYC		
197350	a³³ du³³ mui⁵³	daughter	DAUGHTER	1357	1431	Puroik	ZMYYC		
180724	a³³ vɯ³³	dew	DEW	1977	1431	Puroik	ZMYYC		
219790	ji³³	die	DIE	1494	1431	Puroik	ZMYYC		
210457	bɹo⁵³	dig	DIG	1418	1431	Puroik	ZMYYC		
223564	chə³³ chɛʴ⁵³	dirty	DIRTY	1230	1431	Puroik	ZMYYC		
186079	boh⁵³	dog	DOG	2009	1431	Puroik	ZMYYC		
206479	mə³³ bak³³	dream	DREAM	2374	1431	Puroik	ZMYYC		
207244	rin³³	drink	DRINK	1401	1431	Puroik	ZMYYC		
224074	a³³ vəʴȶ³³	dry	DRY	1398	1431	Puroik	ZMYYC		
209590	dza³³	dwell / live	DWELL (LIVE, RESIDE)	363	1431	Puroik	ZMYYC		
192301	a³³ kuȶ³³	ear	EAR	1247	1431	Puroik	ZMYYC		
224482	a³³ pɹəʴ⁵³	early	EARLY	672	1431	Puroik	ZMYYC		
181591	mə³³ ɟɛ⁵³	earth	EARTH (SOIL)	1228	1431	Puroik	ZMYYC		
188476	pə³³ chɹei⁵³	earthworm	EARTHWORM	2350	1431	Puroik	ZMYYC		
207193	tɕih⁵³	eat	EAT	1336	1431	Puroik	ZMYYC		
188680	mə³³ ri³³	egg	EGG	744	1431	Puroik	ZMYYC		
226828	la³³	eight	EIGHT	1705	1431	Puroik	ZMYYC		
192148	kək³³	eye	EYE	1248	1431	Puroik	ZMYYC		
221677	a³³ ciɛ³³	far	FAR	1406	1431	Puroik	ZMYYC		
196279	a³³ pa³³	father	FATHER	1217	1431	Puroik	ZMYYC		
216169	tsa⁵³ ɣɛ⁵³	fight	FIGHT	1423	1431	Puroik	ZMYYC		
182305	bæ³³	fire	FIRE	221	1431	Puroik	ZMYYC		
203878	heʴn³³	firewood	FIREWOOD	10	1431	Puroik	ZMYYC		
187711	ka³³ fuaŋ⁵³	fish	FISH	227	1431	Puroik	ZMYYC		
226675	wu³³	five	FIVE	493	1431	Puroik	ZMYYC		
188221	kə³³ vit³³	flea	FLEA	232	1431	Puroik	ZMYYC		
218566	guɛ³³	flow	FLOW	2003	1431	Puroik	ZMYYC		
191638	mə³³ buat⁵³	flower	FLOWER	239	1431	Puroik	ZMYYC		
219892	pie³³	fly	FLY (MOVE THROUGH AIR)	1441	1431	Puroik	ZMYYC		
180622	kə³³ tɯ³³ sɯ³³	fog	FOG	249	1431	Puroik	ZMYYC		
193423	læ³³	foot	FOOT	1301	1431	Puroik	ZMYYC		
217036	ba³³ mi³³ lua³³	forget	FORGET	1523	1431	Puroik	ZMYYC		
226624	vəʴi³³	four	FOUR	1500	1431	Puroik	ZMYYC		
187660	ɣɯ⁵³	frog	FROG	503	1431	Puroik	ZMYYC		
182611	a³³ bɯ⁵³	front	FRONT (PART)	2194	1431	Puroik	ZMYYC		
180673	kə³³ ɣuaŋ⁵³ puaŋ¹¹	frost	FROST	2034	1431	Puroik	ZMYYC		
190873	a³³ vɛ⁵³	fruit	FRUIT	1507	1431	Puroik	ZMYYC		
223156	liɛ³³	full	FULL	1429	1431	Puroik	ZMYYC		
215404	taŋ³³	give / send / deliver	GIVE	1447	1431	Puroik	ZMYYC		
185977	sə³³ ɣu³³	goat	GOAT	1502	1431	Puroik	ZMYYC		
223870	a³³ niaŋ¹¹	good	GOOD	1035	1431	Puroik	ZMYYC		
191128	mei³³ dar³³	grass	GRASS	606	1431	Puroik	ZMYYC		
222952	a³³ riɛ³³	green	GREEN	1425	1431	Puroik	ZMYYC		
180775	aŋ³³ viȶ⁵³	hail	HAIL	609	1431	Puroik	ZMYYC		
191944	kə³³ ʑak³³	hair of head	HAIR	1040	1431	Puroik	ZMYYC		
188782	a³³ muȵ³³	hair / fur	HAIR (BODY)	189	1431	Puroik	ZMYYC		
192811	geȶ³³	hand	HAND	1277	1431	Puroik	ZMYYC		
222391	a³³ siet³³	hard	HARD	1884	1431	Puroik	ZMYYC		
229786	væ³³	he / she	HE OR SHE OR IT	262	1431	Puroik	ZMYYC		
191842	kɔ⁵³	head	HEAD	1256	1431	Puroik	ZMYYC		
207142	ɣɔŋ	listen	HEAR	1408	1431	Puroik	ZMYYC		
193882	lok³³	heart	HEART	1223	1431	Puroik	ZMYYC		
222340	a³³ lei³³	heavy	HEAVY	1210	1431	Puroik	ZMYYC		
230092	həŋ³³ na⁵³ la¹¹	here	HERE	136	1431	Puroik	ZMYYC		
214078	ɣɯ³³ ɣə⁵³	hide	HIDE (CONCEAL)	602	1431	Puroik	ZMYYC		
220912	a³³ gɹa³³	high / tall	HIGH	1265	1431	Puroik	ZMYYC		
208111	jik³³	grip / hold	HOLD	1448	1431	Puroik	ZMYYC		
188935	ɕi³³ læ³³	hoof	HOOF	152	1431	Puroik	ZMYYC		
221983	a³³ vien⁵³	horizontal	HORIZONTAL	2376	1431	Puroik	ZMYYC		
188986	a³³ kə³³ vuaŋ³³	horn	HORN (ANATOMY)	1393	1431	Puroik	ZMYYC		
185773	ɕi³³ chəʴ³³	horse	HORSE	615	1431	Puroik	ZMYYC		
225043	a³³ ɟit³³	hot	HOT	1286	1431	Puroik	ZMYYC		
197758	tɕok³³	house	HOUSE	1252	1431	Puroik	ZMYYC		
227899	ləŋ³³	hundred	HUNDRED	1634	1431	Puroik	ZMYYC		
214996	mə³³ kaȶ⁵³	hunt	HUNT	1435	1431	Puroik	ZMYYC		
197197	a³³ ve¹¹	husband	HUSBAND	1200	1431	Puroik	ZMYYC		
229429	goh⁵³	I	I	1209	1431	Puroik	ZMYYC		
180571	tɕak³³ kə³³	ice	ICE	617	1431	Puroik	ZMYYC		
183019	a³³ ɹaŋ⁵³	inside	INSIDE	1606	1431	Puroik	ZMYYC		
212293	waʴt³³	kill	KILL	1417	1431	Puroik	ZMYYC		
200869	tɕe³³	knife	KNIFE	1352	1431	Puroik	ZMYYC		
216832	daȶ³³	know	KNOW (SOMETHING)	1410	1431	Puroik	ZMYYC		
181030	a³³ man³³	lake	LAKE	624	1431	Puroik	ZMYYC		
224533	θə³³	late	LATE	477	1431	Puroik	ZMYYC		
216577	ɣuɛ³³	laugh	LAUGH	1355	1431	Puroik	ZMYYC		
191434	heʴn³³ lɯk³³	leaf	LEAF	628	1431	Puroik	ZMYYC		
182713	pua³³ fe³³ ha⁵³	left	LEFT	244	1431	Puroik	ZMYYC		
207397	la⁵³; via³³	lick	LICK	319	1431	Puroik	ZMYYC		
222289	a³³ tua⁵³	light	LIGHT (WEIGHT)	1052	1431	Puroik	ZMYYC		
192403	kə³³ kiɛ³³	lip	LIP	478	1431	Puroik	ZMYYC		
193933	a³³ pie⁵³	liver	LIVER	1224	1431	Puroik	ZMYYC		
221269	a³³ pɹaŋ⁵³	long	LONG	1203	1431	Puroik	ZMYYC		
188272	pə³³ ɣæ⁵³	louse	LOUSE	1392	1431	Puroik	ZMYYC		
193984	a³³ pɯ³³ ɕiə⁵³	lung	LUNG	688	1431	Puroik	ZMYYC		
194800	a³³ fu¹¹	man (male person)	MALE PERSON	2106	1431	Puroik	ZMYYC		
221779	a³³ dʑɛ³³	many / much	MANY	1198	1431	Puroik	ZMYYC		
215506	tap³³; lu⁵³	marry (a man)	MARRY (AS MAN)	2164	1431	Puroik	ZMYYC		
200359	mə³³ rik³³	meat / flesh	MEAT	634	1431	Puroik	ZMYYC		
185314	a³³ ri⁵³ lo⁵³	noon	MIDDAY	12	1431	Puroik	ZMYYC		
182866	a³³ lo⁵³ lui³³	middle	MIDDLE	1093	1431	Puroik	ZMYYC		
180163	aŋ³³ bo³³	moon	MOON	1313	1431	Puroik	ZMYYC		
185263	a³³ pɹæʴ⁵³	morning	MORNING	1339	1431	Puroik	ZMYYC		
188425	tɕuoŋ³³ kə³³ ɹa³³	mosquito	MOSQUITO	1509	1431	Puroik	ZMYYC		
196330	a³³ ma³³	mother	MOTHER	1216	1431	Puroik	ZMYYC		
181285	gɹaŋ³³	mountain	MOUNTAIN	639	1431	Puroik	ZMYYC		
192352	ɕək³³	mouth	MOUTH	674	1431	Puroik	ZMYYC		
181642	kə³³ paŋ³³	mud	MUD	640	1431	Puroik	ZMYYC		
186844	a³³ buɛ⁵³	rat / mouse	MUROID (MOUSE OR RAT)	2139	1431	Puroik	ZMYYC		
206377	a³³ bɛʴŋ³³	name	NAME	1405	1431	Puroik	ZMYYC		
221626	a³³ dak⁵³	narrow	NARROW	1267	1431	Puroik	ZMYYC		
221728	a³³ nui³³	near	NEAR	1942	1431	Puroik	ZMYYC		
192658	kə³³ tuoŋ³³	neck	NECK	1333	1431	Puroik	ZMYYC		
201430	pə³³ miȶ³³	needle	NEEDLE (FOR SEWING)	1382	1431	Puroik	ZMYYC		
224176	a³³faȶ³³	new	NEW	1231	1431	Puroik	ZMYYC		
226879	dɔŋ³³ gɛʴ⁵³	nine	NINE	1483	1431	Puroik	ZMYYC		
192250	pɔk³³	nose	NOSE	1221	1431	Puroik	ZMYYC		
223717	a³³ mat³³	old (of people)	OLD (AGED)	2112	1431	Puroik	ZMYYC		
226471	ɦui³³	one	ONE	1493	1431	Puroik	ZMYYC		
186793	kua³³ bə³³ gæ⁵³	otter	OTTER	15	1431	Puroik	ZMYYC		
183070	tɕok³³ θaŋ³³	outside	OUTSIDE	762	1431	Puroik	ZMYYC		
185875	mə³³ du³³	pig	PIG	1337	1431	Puroik	ZMYYC		
210508	θæ³³	plant	PLANT (SOMETHING)	1486	1431	Puroik	ZMYYC		
214690	læ³³	play	PLAY	1413	1431	Puroik	ZMYYC		
208672	rue³³	pull	PULL	1455	1431	Puroik	ZMYYC		
208723	noŋ³³	push	PUSH	1452	1431	Puroik	ZMYYC		
218260	pɹu³³	rain	RAIN (PRECIPITATION)	658	1431	Puroik	ZMYYC		
180826	kə³³ leȵ³³	rainbow	RAINBOW	1733	1431	Puroik	ZMYYC		
222697	a³³ jiȶ³³	red	RED	156	1431	Puroik	ZMYYC		
189496	aŋ³³	rice (plant)	RICE PLANT	2026	1431	Puroik	ZMYYC		
182764	pua³³ zuɛ⁵³ ha⁵³	right	RIGHT	1019	1431	Puroik	ZMYYC		
180928	kua³³ ɣua³³	river	RIVER	666	1431	Puroik	ZMYYC		
204184	pə³³ zuɛ³³	road / way	ROAD	667	1431	Puroik	ZMYYC		
191332	heʴh³³ kuŋ³³	root	ROOT	670	1431	Puroik	ZMYYC		
201532	mə³³ tak³³	rope	ROPE	1218	1431	Puroik	ZMYYC		
221167	a³³ bɯ³³	round	ROUND	1395	1431	Puroik	ZMYYC		
209233	riȶ³³	run	RUN	1519	1431	Puroik	ZMYYC		
200308	hɔŋ³³	salt	SALT	1274	1431	Puroik	ZMYYC		
225451	a³³ cɛt³³	salty	SALTY	1091	1431	Puroik	ZMYYC		
182203	pɹæʴ³³ tsət³³	sand	SAND	671	1431	Puroik	ZMYYC		
208315	boʴ⁵³	scratch	SCRATCH	1436	1431	Puroik	ZMYYC		
206989	daȶ³³	see	SEE	1409	1431	Puroik	ZMYYC		
191230	mə³³ θæ⁵³	seed	SEED	714	1431	Puroik	ZMYYC		
226777	liɛ³³	seven	SEVEN	1704	1431	Puroik	ZMYYC		
224380	a³³ tua⁵³	sharp	SHARP	1396	1431	Puroik	ZMYYC		
186028	dʑua⁵³ mua¹¹	sheep	SHEEP	1331	1431	Puroik	ZMYYC		
194392	θɔŋ⁵³	excrement	SHIT (DEFECATE)	676	1431	Puroik	ZMYYC		
215098	re⁵³	shoot	SHOOT	1172	1431	Puroik	ZMYYC		
221320	a³³ tuoŋ³³	short	SHORT	1645	1431	Puroik	ZMYYC		
192760	pua³³ tok¹¹	shoulder	SHOULDER	1482	1431	Puroik	ZMYYC		
214843	bɹəʴ³³	sing	SING	1261	1431	Puroik	ZMYYC		
226726	ɣək³³	six	SIX	1703	1431	Puroik	ZMYYC		
193576	a³³ kə⁵³	skin	SKIN	763	1431	Puroik	ZMYYC		
180061	kə³³ məŋ⁵³	sky	SKY	1732	1431	Puroik	ZMYYC		
209692	ɣəŋ³³	sleep	SLEEP	1585	1431	Puroik	ZMYYC		
220861	ciaŋ³³	small	SMALL	1246	1431	Puroik	ZMYYC		
207958	naŋ³³	smell	SMELL (PERCEIVE)	1586	1431	Puroik	ZMYYC		
182356	bæ³³ kɯ³³	smoke	SMOKE (EXHAUST)	778	1431	Puroik	ZMYYC		
224992	a³³ ɣəi³³	smooth	SMOOTH	1234	1431	Puroik	ZMYYC		
187762	pɯh⁵³	snake	SNAKE	730	1431	Puroik	ZMYYC		
180469	kə³³ ʑɯh⁵³	snow	SNOW	784	1431	Puroik	ZMYYC		
222442	a³³ ɟiek³³	soft	SOFT	1856	1431	Puroik	ZMYYC		
197299	a³³ du³³ fu¹¹	son	SON	1620	1431	Puroik	ZMYYC		
187558	pə³³ tu³³ du³³	sparrow	SPARROW	1854	1431	Puroik	ZMYYC		
188119	wuoŋ³³	spider	SPIDER	843	1431	Puroik	ZMYYC		
209029	cin³³ pua¹¹	stand	STAND	1442	1431	Puroik	ZMYYC		
180214	ha³³ ɣat⁵³	star	STAR	1430	1431	Puroik	ZMYYC		
216475	mə³³ ɣa³³	steal	STEAL	713	1431	Puroik	ZMYYC		
201889	mə³³ ciaŋ³³ kuaŋ³³	stick	STICK	1295	1431	Puroik	ZMYYC		
182152	kə³³ pɔʴ³³	stone / rock	STONE	857	1431	Puroik	ZMYYC		
221881	a³³ tak³³	straight	STRAIGHT	1404	1431	Puroik	ZMYYC		
180112	kə³³ ri³³	sun	SUN	1343	1431	Puroik	ZMYYC		
189037	a³³ ȵuk³³ kuaŋ³³	tail	TAIL	1220	1431	Puroik	ZMYYC		
226930	suat⁵³ pa⁵³	ten	TEN	1515	1431	Puroik	ZMYYC		
230143	ɟeh⁵³(la⁵³)	that	THAT	78	1431	Puroik	ZMYYC		
230194	ɟeh⁵³ la⁵³	there	THERE	1937	1431	Puroik	ZMYYC		
223054	a³³ tsɯ³³	thick	THICK	1244	1431	Puroik	ZMYYC		
221524	a³³ tɕak⁵³	thin	THIN (OF SHAPE OF OBJECT)	2249	1431	Puroik	ZMYYC		
217087	mi³³	think	THINK (REFLECT)	1415	1431	Puroik	ZMYYC		
230041	həŋ³³	this	THIS	1214	1431	Puroik	ZMYYC		
229633	nah⁵³	you (sg.)	THOU	1215	1431	Puroik	ZMYYC		
226573	ɣɯək³³	three	THREE	492	1431	Puroik	ZMYYC		
208468	tuȶ³³ mak³³	throw	THROW	1456	1431	Puroik	ZMYYC		
180265	ɣə³³ mək³³	thunder	THUNDER	1150	1431	Puroik	ZMYYC		
186334	a³³ vuat⁵³ bua¹¹	tiger	TIGER	846	1431	Puroik	ZMYYC		
184549	ha³³ riu³³ ri⁵³	today	TODAY	1283	1431	Puroik	ZMYYC		
184702	pia³³ pɹæ⁵³	tomorrow	TOMORROW	1329	1431	Puroik	ZMYYC		
192505	rye³³	tongue	TONGUE	1205	1431	Puroik	ZMYYC		
192454	kə³³ tuaŋ³³	tooth	TOOTH	1380	1431	Puroik	ZMYYC		
189088	heʴn³³	tree	TREE	906	1431	Puroik	ZMYYC		
227440	suat³³ ȵi³³	twenty	TWENTY	1710	1431	Puroik	ZMYYC		
226522	ȵi³³	two	TWO	1498	1431	Puroik	ZMYYC		
207703	muɛ³³	vomit	VOMIT	1278	1431	Puroik	ZMYYC		
209182	u³³	walk	WALK	1443	1431	Puroik	ZMYYC		
180520	kua³³	water	WATER	948	1431	Puroik	ZMYYC		
229531	gə³³ ɣəȵ³³	we	WE (INCLUSIVE)	1131	1431	Puroik	ZMYYC		
224125	a³³ çiak³³	wet	WET	1726	1431	Puroik	ZMYYC		
230296	hi⁵³ ɟeh⁵³	what	WHAT	1236	1431	Puroik	ZMYYC		
189598	pak³³ tɕe³³	wheat	WHEAT	1077	1431	Puroik	ZMYYC		
230398	kə³³ la⁵³ la¹¹	where	WHERE	1237	1431	Puroik	ZMYYC		
222850	a³³ rioŋ³³	white	WHITE	1335	1431	Puroik	ZMYYC		
230245	ha³³	who	WHO	1235	1431	Puroik	ZMYYC		
197248	a³³ ʑu¹¹	wife	WIFE	1199	1431	Puroik	ZMYYC		
180367	aŋ³³ huȶ⁵³	wind	WIND	960	1431	Puroik	ZMYYC		
188731	a³³ juȶ³³	wing	WING	1257	1431	Puroik	ZMYYC		
211834	hɹaŋ³³	wipe	WIPE	1454	1431	Puroik	ZMYYC		
186640	ɕə³³ tɕa³³	wolf	WOLF	522	1431	Puroik	ZMYYC		
194851	a³³ mui⁵³	woman	WOMAN	962	1431	Puroik	ZMYYC		
203929	heʴn³³	wood	WOOD	1803	1431	Puroik	ZMYYC		
183223	a³³ dɯ⁵³	year	YEAR	1226	1431	Puroik	ZMYYC		
222748	a³³ riɛ³³	yellow	YELLOW	1424	1431	Puroik	ZMYYC		
184600	bie³³ ri⁵³	yesterday	YESTERDAY	1174	1431	Puroik	ZMYYC		
229735	nah³³ ɣəȵ³³	you (pl.)	YOU	1213	1431	Puroik	ZMYYC		
223768	a³³ dɯ⁵³ ba³³ bua³³	young	YOUNG	1207	1431	Puroik	ZMYYC		
221371	a³³ maŋ³³	thick			1431	Puroik	ZMYYC		
221473	a³³ piȶ³³	thick			1431	Puroik	ZMYYC		
229480	kə³³ se³³ ȵih⁵³	we two			1431	Puroik	ZMYYC		
185365	a³³ bia⁵³	night			1431	Puroik	ZMYYC		
225349	a³³ bio⁵³	bitter			1431	Puroik	ZMYYC		
197452	a³³ bua⁵³	son-in-law			1431	Puroik	ZMYYC		
230551	a³³ bɯ⁵³	first			1431	Puroik	ZMYYC		
195463	a³³ bɹɑ³³ bo¹¹	mad person			1431	Puroik	ZMYYC		
225247	a³³ cen³³	sour			1431	Puroik	ZMYYC		
193780	a³³ chəʴi³³	kidney			1431	Puroik	ZMYYC		
222493	a³³ ciaŋ³³	bright			1431	Puroik	ZMYYC		
200155	a³³ cit³³ mə³³ luat³³	dinner			1431	Puroik	ZMYYC		
196432	a³³ ciɛ⁵³	aunt (paternal, elder)			1431	Puroik	ZMYYC		
196534	a³³ ciɛ⁵³	aunt (wife of younger paternal			1431	Puroik	ZMYYC		
197503	a³³ du³³ ɣæ¹¹	nephew			1431	Puroik	ZMYYC		
197554	a³³ du³³ ɣæ¹¹	niece			1431	Puroik	ZMYYC		
196942	a³³ dzi¹¹ muɛ³³	mother-in-law			1431	Puroik	ZMYYC		
221116	a³³ dzuaŋ³³	pointed			1431	Puroik	ZMYYC		
183274	a³³ dɯ⁵³	year / age			1431	Puroik	ZMYYC		
217189	a³³ fa⁵³ mi³³	hate			1431	Puroik	ZMYYC		
194953	a³³fu¹¹dʑiaŋ	young man			1431	Puroik	ZMYYC		
221932	a³³ gok³³ gok³³	crooked			1431	Puroik	ZMYYC		
228307	a³³ guaŋ⁵³	half			1431	Puroik	ZMYYC		
196687	a³³ gue⁵³	uncle (maternal)			1431	Puroik	ZMYYC		
224686	a³³ gɹa¹¹	expensive			1431	Puroik	ZMYYC		
223207	a³³ gɹaŋ⁵³	beautiful			1431	Puroik	ZMYYC		
223411	a³³ gɹaŋ⁵³	lean (meat)			1431	Puroik	ZMYYC		
223462	a³³ gɹaŋ⁵³	thin (of people)			1431	Puroik	ZMYYC		
223105	a³³ hiet³³	thin (watery)			1431	Puroik	ZMYYC		
219637	a³³ hi³³ də³³	tremble			1431	Puroik	ZMYYC		
225196	a³³ hɔ³³	cool			1431	Puroik	ZMYYC		
181795	a³³ in³³	gold			1431	Puroik	ZMYYC		
229990	a³³ jo³³ bi³³	others			1431	Puroik	ZMYYC		
224788	a³³ kaȶ³³ niaŋ¹¹	easy			1431	Puroik	ZMYYC		
195361	a³³ kui⁵³ pak³³	deaf person			1431	Puroik	ZMYYC		
192607	a³³ ku³³	chin			1431	Puroik	ZMYYC		
230602	a³³ kuŋ⁵³	later (in time)			1431	Puroik	ZMYYC		
196993	a³³ kɔ³³	brother (elder)			1431	Puroik	ZMYYC		
197044	a³³ kɔ³³	sister (elder)			1431	Puroik	ZMYYC		
224941	a³³ kɔ¹¹	tight			1431	Puroik	ZMYYC		
189394	a³³ kɔ⁵³	bamboo shoot			1431	Puroik	ZMYYC		
190312	a³³ kək³³	melon			1431	Puroik	ZMYYC		
195310	a³³ kək³³ pəȶ⁵³	blind person			1431	Puroik	ZMYYC		
191740	a³³ kə³³ zuoŋ³³	thorn			1431	Puroik	ZMYYC		
196891	a³³ kɯ³³	father-in-law			1431	Puroik	ZMYYC		
186130	a³³ li³³	cat			1431	Puroik	ZMYYC		
225145	a³³ lək³³	warm			1431	Puroik	ZMYYC		
181540	a³³ lɛ⁵³	slope			1431	Puroik	ZMYYC		
222136	a³³ lɛ⁵³	steep			1431	Puroik	ZMYYC		
222238	a³³ lɛ⁵³	slanting, not upright			1431	Puroik	ZMYYC		
194902	a³³ maȶ³³	old person			1431	Puroik	ZMYYC		
225655	a³³ mui³³ naŋ³³	fishy			1431	Puroik	ZMYYC		
195004	a³³ mui⁵³ dʑiaŋ³³	young woman			1431	Puroik	ZMYYC		
196636	a³³ mə³³ tɕyȶ⁵³	aunt (paternal)			1431	Puroik	ZMYYC		
196840	a³³ mə³³ tɕyȶ⁵³	aunt (maternal)			1431	Puroik	ZMYYC		
220963	a³³ məʴŋ⁵³	low			1431	Puroik	ZMYYC		
181489	a³³ nan³³	plain			1431	Puroik	ZMYYC		
225604	a³³ naŋ³³ mua⁵³	stinky			1431	Puroik	ZMYYC		
225502	a³³ naŋ³³ niaŋ¹¹	fragrant			1431	Puroik	ZMYYC		
222085	a³³ naȵ³³	flat / level(land)			1431	Puroik	ZMYYC		
197095	a³³ nua¹¹	brother (younger)			1431	Puroik	ZMYYC		
197146	a³³ nua¹¹	sister (younger)			1431	Puroik	ZMYYC		
216679	a³³ pak¹¹	love			1431	Puroik	ZMYYC		
216730	a³³ pak¹¹	like			1431	Puroik	ZMYYC		
222799	a³³ pi³³	blue			1431	Puroik	ZMYYC		
225298	a³³ piȵ³³	sweet			1431	Puroik	ZMYYC		
202552	a³³ poŋ⁵³	lid			1431	Puroik	ZMYYC		
202042	a³³ poʴ³³	dustpan / winnowing sieve			1431	Puroik	ZMYYC		
194086	a³³ pə³³ gei⁵³	bladder			1431	Puroik	ZMYYC		
221422	a³³ pə³³ mi³³	thin (slender)			1431	Puroik	ZMYYC		
228613	a³³ pəʴt³³	classifier for long objects			1431	Puroik	ZMYYC		
222034	a³³ pɹaŋ⁵³	upright			1431	Puroik	ZMYYC		
200053	a³³ pɹæ⁵³ mə³³ luat³³	breakfast			1431	Puroik	ZMYYC		
223972	a³³ riak³³	fast			1431	Puroik	ZMYYC		
230806	a³³ riak³³	fast (adv.)			1431	Puroik	ZMYYC		
225553	a³³ riek³³	delicious			1431	Puroik	ZMYYC		
191689	a³³ riŋ³³	ear (of grain-producing plant)			1431	Puroik	ZMYYC		
193729	a³³ riȶ³³	stomach			1431	Puroik	ZMYYC		
185212	a³³ ri⁵³	day(time)			1431	Puroik	ZMYYC		
184498	a³³ ri⁵³	day (24 hours)			1431	Puroik	ZMYYC		
200104	a³³ ri⁵³ lɔ³³ mə³³ luat³³	lunch			1431	Puroik	ZMYYC		
223513	a³³ sa³³ ɣaŋ³³	clean			1431	Puroik	ZMYYC		
223615	a³³ sa³³ ɣaŋ³³	clear (water)			1431	Puroik	ZMYYC		
183733	a³³ sok³³	winter			1431	Puroik	ZMYYC		
183631	a³³ sɛ³³	summer			1431	Puroik	ZMYYC		
222187	a³³ tak³³	right, just, upright			1431	Puroik	ZMYYC		
202297	a³³ tsar³³	basket (bamboo, large)			1431	Puroik	ZMYYC		
193474	a³³ tsæ⁵³	leg			1431	Puroik	ZMYYC		
195106	a³³ tua³³	friend			1431	Puroik	ZMYYC		
229939	a³³ tɔk³³ bo³³	self			1431	Puroik	ZMYYC		
196585	a³³ tɯ¹¹	uncle (paternal aunt's husband			1431	Puroik	ZMYYC		
196789	a³³ tɯ¹¹	uncle (maternal aunt's husband			1431	Puroik	ZMYYC		
221065	a³³ tɕak³³	shallow			1431	Puroik	ZMYYC		
197401	a³³ tɕak¹¹	daughter-in-law			1431	Puroik	ZMYYC		
195514	a³³ tɕə⁵³	lame person			1431	Puroik	ZMYYC		
224227	a³³ tɕɛȶ³³	old (things)			1431	Puroik	ZMYYC		
197605	a³³ tɕɯ³³	grandson			1431	Puroik	ZMYYC		
197656	a³³ tɕɯ³³	granddaughter			1431	Puroik	ZMYYC		
206275	a³³ tɕɑ³³	thing / matter / event			1431	Puroik	ZMYYC		
198574	a³³ vok³³	grave			1431	Puroik	ZMYYC		
196381	a³³ vuat⁵³	uncle (paternal, elder)			1431	Puroik	ZMYYC		
196483	a³³ vuat⁵³	uncle (paternal, younger)			1431	Puroik	ZMYYC		
204796	a³³ væʴ⁵³	price			1431	Puroik	ZMYYC		
194035	a³³ vəʴi³³	gall			1431	Puroik	ZMYYC		
225910	a³³ wa¹¹	itch			1431	Puroik	ZMYYC		
182815	a³³ wuoŋ⁵³	side			1431	Puroik	ZMYYC		
183121	a³³ wuoŋ⁵³	edge			1431	Puroik	ZMYYC		
206122	a³³ zɑ⁵³	voice			1431	Puroik	ZMYYC		
223258	a³³ ŋua³³ mua⁵³	ugly			1431	Puroik	ZMYYC		
219586	a³³ ɣaŋ³³	ill / sick			1431	Puroik	ZMYYC		
225961	a³³ ɣaŋ³³	pain / ache			1431	Puroik	ZMYYC		
206734	a³³ ɣaŋ¹¹	soul / spirit			1431	Puroik	ZMYYC		
221014	a³³ ɣək³³	deep			1431	Puroik	ZMYYC		
193627	a³³ ɣəȵ³³	sinew			1431	Puroik	ZMYYC		
224278	a³³ ɕit³³	raw			1431	Puroik	ZMYYC		
204133	a³³ ɕo³³ ka³³ ɕak¹¹	garbage			1431	Puroik	ZMYYC		
181744	a³³ ɹaŋ³³	hole			1431	Puroik	ZMYYC		
225400	a³³ ʑi³³	hot (spicy)			1431	Puroik	ZMYYC		
188068	a³³ ʑuat³³	centipede			1431	Puroik	ZMYYC		
223309	a³³ ʑua¹¹	fat (of people)			1431	Puroik	ZMYYC		
223360	a³³ ʑua¹¹	fat (meat)			1431	Puroik	ZMYYC		
221575	a³³ ʑuət⁵³	wide			1431	Puroik	ZMYYC		
223003	a³³ ʑuɛ³³	multicolored			1431	Puroik	ZMYYC		
193831	a³³ θui³³	intestines			1431	Puroik	ZMYYC		
199900	aŋ³³ biȵ³³	rice (uncooked)			1431	Puroik	ZMYYC		
183784	aŋ³³ bo³³	month			1431	Puroik	ZMYYC		
184804	aŋ³³ po³³ ɕiȶ³³	day, first of month			1431	Puroik	ZMYYC		
180418	aŋ³³ pɹu⁵³	rain			1431	Puroik	ZMYYC		
202246	aŋ³³ tsər³³	mortar			1431	Puroik	ZMYYC		
194137	aŋ³³ tɕi⁵³	sweat			1431	Puroik	ZMYYC		
231163	ba³³	NEG			1431	Puroik	ZMYYC		
231214	ba³³	don't			1431	Puroik	ZMYYC		
224737	ba³³ gɹa¹¹	cheap			1431	Puroik	ZMYYC		
225859	ba³³ kat³³ muȵ³³	tired			1431	Puroik	ZMYYC		
224839	ba³³ kaȶ³³ niaŋ¹¹	difficult			1431	Puroik	ZMYYC		
224890	ba³³ kɔ¹¹	loose / lax			1431	Puroik	ZMYYC		
226165	ba³³ kə³³ ɣua⁵³	stupid			1431	Puroik	ZMYYC		
224584	ba³³ lue⁵³	TRUE			1431	Puroik	ZMYYC		
224431	ba³³ tua⁵³	blunt			1431	Puroik	ZMYYC		
200818	ba⁵³	ax			1431	Puroik	ZMYYC		
190057	ba⁵³ pih⁵³	sugarcane			1431	Puroik	ZMYYC		
203419	biek³³	comb			1431	Puroik	ZMYYC		
218923	biu³³	rotate / spin			1431	Puroik	ZMYYC		
194749	bi³³	person			1431	Puroik	ZMYYC		
207040	bi³³	close (eye)			1431	Puroik	ZMYYC		
206173	bi³³ a³³ həʴ⁵³	strength			1431	Puroik	ZMYYC		
201685	bok³³ tsar³³	bullet			1431	Puroik	ZMYYC		
187864	bua³³ pit³³	butterfly			1431	Puroik	ZMYYC		
230857	bua¹¹	very			1431	Puroik	ZMYYC		
188374	bua¹¹ pɹeʴȵ³³	fly			1431	Puroik	ZMYYC		
220249	buaȶ³³	bloom			1431	Puroik	ZMYYC		
185467	bue³³	past, in the			1431	Puroik	ZMYYC		
183376	bue³³ ci⁵³	year, last			1431	Puroik	ZMYYC		
183478	bue³³ dɯ³³	year before last			1431	Puroik	ZMYYC		
217546	buɛ⁵³; ba³³ wɛ⁵³	NEG+have			1431	Puroik	ZMYYC		
204082	bæ³³ ɣək³³	ashes			1431	Puroik	ZMYYC		
198115	bæ³³ ɣək³³ bə⁵³	fireplace			1431	Puroik	ZMYYC		
207091	bə³³ laŋ³³	open (eye)			1431	Puroik	ZMYYC		
195412	bə³³ lɔk⁵³	mute			1431	Puroik	ZMYYC		
205816	bə³³ lək³³	flute			1431	Puroik	ZMYYC		
228766	bɯ³³	drop			1431	Puroik	ZMYYC		
209743	bɹaŋ³³	wake up			1431	Puroik	ZMYYC		
213415	bɹɛʴ³³	braid			1431	Puroik	ZMYYC		
194290	ca³³ chəʴt³³	saliva / spittle			1431	Puroik	ZMYYC		
231010	ce⁵³	also			1431	Puroik	ZMYYC		
218719	cha³³	crack			1431	Puroik	ZMYYC		
219280	chuȶ³³	drip			1431	Puroik	ZMYYC		
213313	chəʴi⁵³	patch			1431	Puroik	ZMYYC		
213109	chɯ³³	wash (clothes)			1431	Puroik	ZMYYC		
216628	ciak⁵³	weep			1431	Puroik	ZMYYC		
212854	cia³³	scoop			1431	Puroik	ZMYYC		
214231	ciaŋ³³	press			1431	Puroik	ZMYYC		
209080	cua³³ laȶ³³	step / pass over (ditch)			1431	Puroik	ZMYYC		
213364	cɯ³³	comb			1431	Puroik	ZMYYC		
210916	cɯ⁵³	pull (out)			1431	Puroik	ZMYYC		
181948	da³³ gua³³	iron			1431	Puroik	ZMYYC		
183886	da³³ tə³³ aŋ³³ bo³³	January			1431	Puroik	ZMYYC		
216883	daȶ³³	understand			1431	Puroik	ZMYYC		
216067	daȶ³³ ɣɛ⁵³	encounter / meet			1431	Puroik	ZMYYC		
217750	da⁵³ duȶ¹¹	arrive			1431	Puroik	ZMYYC		
213568	duaȶ³³	open (door)			1431	Puroik	ZMYYC		
213619	duaȶ³³	open (lid)			1431	Puroik	ZMYYC		
218872	due³³	roll (e.g. rock)			1431	Puroik	ZMYYC		
231061	dut³³	again			1431	Puroik	ZMYYC		
219484	du³³	birth, give			1431	Puroik	ZMYYC		
214486	duȶ³³	take back / put away			1431	Puroik	ZMYYC		
190516	dza³³ lək³³	vegetable			1431	Puroik	ZMYYC		
218158	dza⁵³	exist / be present			1431	Puroik	ZMYYC		
196738	dzi¹¹ muɛ³³	aunt (wife of maternal uncle)			1431	Puroik	ZMYYC		
212395	dzɔk³³	mince (meat) with knife			1431	Puroik	ZMYYC		
213262	dɔ³³	dye			1431	Puroik	ZMYYC		
191077	də³³ wa³³	tobacco			1431	Puroik	ZMYYC		
190669	dʑa³³ kok³³	onion (green)			1431	Puroik	ZMYYC		
189955	dʑa⁵³	potato			1431	Puroik	ZMYYC		
183682	dʑe³³ dɯ⁵³	autumn			1431	Puroik	ZMYYC		
196075	dʑɛ³³ mi³³ bi³³	Chinese			1431	Puroik	ZMYYC		
212956	eʴ³³	put on / wear			1431	Puroik	ZMYYC		
217138	fa⁵³	angry			1431	Puroik	ZMYYC		
207754	fok³³	blow with mouth			1431	Puroik	ZMYYC		
210763	fə⁵³	skin / flay			1431	Puroik	ZMYYC		
213721	fɛʴ³³	hang (object)			1431	Puroik	ZMYYC		
208825	gak¹¹	kick			1431	Puroik	ZMYYC		
212191	gak¹¹	dry (clothes) near fire			1431	Puroik	ZMYYC		
212242	gak¹¹	warm (oneself) near fire			1431	Puroik	ZMYYC		
192862	geȶ³³ jik³³	fist			1431	Puroik	ZMYYC		
192964	geȶ³³ kə³³ ȵiŋ³³	elbow			1431	Puroik	ZMYYC		
193015	geȶ³³ pioŋ³³	finger			1431	Puroik	ZMYYC		
199135	geȶ³³ tɕi³³	ring			1431	Puroik	ZMYYC		
193066	geȶ³³ ɕit³³	fingernail			1431	Puroik	ZMYYC		
217393	ge⁵³; we³³	be / copula			1431	Puroik	ZMYYC		
215047	go³³ kə³³ luɛ³³	surround			1431	Puroik	ZMYYC		
228970	gua⁵³	handspan			1431	Puroik	ZMYYC		
219229	gue³³	leak			1431	Puroik	ZMYYC		
205867	gæ³³ gɔŋ³³	mouth organ			1431	Puroik	ZMYYC		
216781	gɔŋ³³ dʑak³³	believe			1431	Puroik	ZMYYC		
189904	gə³³ ria³³	sweet potato			1431	Puroik	ZMYYC		
228817	gəŋ³³	classifier for clothes			1431	Puroik	ZMYYC		
219025	gəʴt³³	break (v.i. of rope, etc.)			1431	Puroik	ZMYYC		
208927	gɑ⁵³	tread			1431	Puroik	ZMYYC		
181336	gɹaŋ³³ a³³ lɛ⁵³	cliff			1431	Puroik	ZMYYC		
183325	ha³³ dɯ³³	year, this			1431	Puroik	ZMYYC		
202501	ha³³ jaŋ³³	pot / wok			1431	Puroik	ZMYYC		
186895	ha³³ ku³³	chicken			1431	Puroik	ZMYYC		
186997	ha³³ ku³³ mua¹¹	hen			1431	Puroik	ZMYYC		
186946	ha³³ ku³³ pu¹¹	rooster			1431	Puroik	ZMYYC		
187609	ha³³ mien³³	bat			1431	Puroik	ZMYYC		
227950	ha³³ tsak³³	thousand			1431	Puroik	ZMYYC		
186385	ha³³ tɕiŋ³³	bear			1431	Puroik	ZMYYC		
222595	haŋ³³	sunny			1431	Puroik	ZMYYC		
191383	heʴn³³ a³³ ɣəȵ³³	stem / stalk			1431	Puroik	ZMYYC		
198319	heʴn³³ tak¹¹	board / plank			1431	Puroik	ZMYYC		
220402	hiak³³	rot / spoil			1431	Puroik	ZMYYC		
216934	hiaŋ⁵³ daȶ³³	guess			1431	Puroik	ZMYYC		
217444	hi³³ bua⁵³	NEG+copula			1431	Puroik	ZMYYC		
216220	hiə⁵³ ɣɛ⁵³	hit / beat			1431	Puroik	ZMYYC		
230449	hi⁵³ ɣue⁵³	how many / much			1431	Puroik	ZMYYC		
207907	hui³³	cry out / yell			1431	Puroik	ZMYYC		
213007	huȵ³³	take off (clothing)			1431	Puroik	ZMYYC		
219076	həŋ⁵³	break			1431	Puroik	ZMYYC		
190210	hɹak³³	ramie			1431	Puroik	ZMYYC		
201481	hɹak³³ muȵ³³	thread			1431	Puroik	ZMYYC		
214741	hɹaʴ⁵³	win			1431	Puroik	ZMYYC		
220657	hɹaʴ⁵³	win / triumph			1431	Puroik	ZMYYC		
212446	i⁵³	cut open (fish)			1431	Puroik	ZMYYC		
210661	i⁵³; tsei⁵³	cut			1431	Puroik	ZMYYC		
225757	i⁵³ tɕɛt³³	hungry			1431	Puroik	ZMYYC		
215251	jak³³	answer			1431	Puroik	ZMYYC		
190822	jaŋ³³ dɯk³³	pepper, hot / chili			1431	Puroik	ZMYYC		
211681	ja⁵³	teach			1431	Puroik	ZMYYC		
215608	ja⁵³	tell			1431	Puroik	ZMYYC		
212752	jiak⁵³	winnow			1431	Puroik	ZMYYC		
211018	jik³³	feed			1431	Puroik	ZMYYC		
198982	jiu³³ kə³³ ɣuȵ⁵³	earring			1431	Puroik	ZMYYC		
184039	ji³³ lu³³ aŋ³³ bo³³	April			1431	Puroik	ZMYYC		
190261	jə⁵³	beans			1431	Puroik	ZMYYC		
217342	kat³³ riu⁵³	know (a language) / can / be abl			1431	Puroik	ZMYYC		
204337	ka¹¹ tut³³	bridge			1431	Puroik	ZMYYC		
209794	kaȶ³³	do			1431	Puroik	ZMYYC		
209845	kaȶ³³	work / labor			1431	Puroik	ZMYYC		
211987	kaȶ³³; dɔ³³	cook / boil (rice)			1431	Puroik	ZMYYC		
215659	kaȶ³³ ɣə⁵³	help			1431	Puroik	ZMYYC		
193372	ko³³ tɕiŋ³³	buttocks			1431	Puroik	ZMYYC		
198727	ko³³ ɣuoŋ⁵³	enclosure			1431	Puroik	ZMYYC		
217903	ko⁵³	ascend			1431	Puroik	ZMYYC		
209488	kuoŋ³³	crawl			1431	Puroik	ZMYYC		
218056	kuȶ³³ lək³³	enter			1431	Puroik	ZMYYC		
207499	kək³³	gnaw			1431	Puroik	ZMYYC		
218464	kək³³ tsəŋ⁵³	flash (of lightning)			1431	Puroik	ZMYYC		
192199	kək³³ vəʴi³³	tear			1431	Puroik	ZMYYC		
189802	kə³³ bat³³	sorghum			1431	Puroik	ZMYYC		
198472	kə³³ buaŋ³³	village			1431	Puroik	ZMYYC		
190567	kə³³ jiŋ⁵³	cabbage (Chinese)			1431	Puroik	ZMYYC		
217240	kə³³ jua⁵³	fear			1431	Puroik	ZMYYC		
230347	kə³³ la⁵³	which			1431	Puroik	ZMYYC		
219331	kə³³ lɔk⁵³	boil			1431	Puroik	ZMYYC		
202603	kə³³ lək³³	barrel / pail / bucket			1431	Puroik	ZMYYC		
192046	kə³³ maŋ³³	face			1431	Puroik	ZMYYC		
187813	kə³³ mot³³	honeybee			1431	Puroik	ZMYYC		
206581	kə³³ məŋ⁵³	god / deity			1431	Puroik	ZMYYC		
182407	kə³³ ri³³ puaŋ³³ ha⁵³	east			1431	Puroik	ZMYYC		
182458	kə³³ ri³³ tɕyȶ³³ lək³³ ha⁵³	west			1431	Puroik	ZMYYC		
193168	kə³³ tse⁵³	back (of body)			1431	Puroik	ZMYYC		
193321	kə³³ tse⁵³	waist			1431	Puroik	ZMYYC		
190771	kə³³ tsu¹¹	ginger			1431	Puroik	ZMYYC		
192556	kə³³ tuȶ³³ muȵ³³	beard			1431	Puroik	ZMYYC		
209539	kə³³ tər³³	lean			1431	Puroik	ZMYYC		
188527	kə³³ vat⁵³	leech (mountain)			1431	Puroik	ZMYYC		
191893	kə³³ vua³³ ba¹¹	forehead			1431	Puroik	ZMYYC		
202807	kə³³ vɯ³³	bowl			1431	Puroik	ZMYYC		
203266	kə³³ ɣɔk³³ tso⁵³	ladder			1431	Puroik	ZMYYC		
191995	kə³³ ʑak³³ bɹəʴ⁵³	plait			1431	Puroik	ZMYYC		
192097	kə³³ ʑɯ³³	eyebrow			1431	Puroik	ZMYYC		
198931	kə¹¹ ʑɯ¹¹	hat (bamboo)			1431	Puroik	ZMYYC		
199747	kə⁵³ kəŋ³³	pillow			1431	Puroik	ZMYYC		
186436	kə r³³tə³³	leopard			1431	Puroik	ZMYYC		
230908	laȵ³³	most (superlative degree)			1431	Puroik	ZMYYC		
217801	laȶ¹¹	cross (river)			1431	Puroik	ZMYYC		
201787	lei⁵³	bow (weapon)			1431	Puroik	ZMYYC		
212344	lit³³	cut (vegetable)			1431	Puroik	ZMYYC		
184753	li³³ rioŋ¹¹	day after tomorrow			1431	Puroik	ZMYYC		
225808	lok³³ vəʴt³³	thirsty			1431	Puroik	ZMYYC		
226318	lok³³ ɕit⁵³	glad			1431	Puroik	ZMYYC		
201022	lo³³ dap¹¹	hoe			1431	Puroik	ZMYYC		
221830	lo³³ tə¹¹ bua⁵³	little / few			1431	Puroik	ZMYYC		
215455	lue³³	exchange			1431	Puroik	ZMYYC		
207805	luȶ⁵³	say / speak			1431	Puroik	ZMYYC		
211477	lu⁵³	sell			1431	Puroik	ZMYYC		
219994	læ³³	crow			1431	Puroik	ZMYYC		
199492	læ³³ θaŋ¹¹	shoe			1431	Puroik	ZMYYC		
184294	lə³³ bɯ³³ aŋ³³ bo³³	September			1431	Puroik	ZMYYC		
181846	lə³³ muȵ³³	silver			1431	Puroik	ZMYYC		
208162	lɯe⁵³	twist together			1431	Puroik	ZMYYC		
183937	lɯk³³ kɯŋ³³ aŋ³³ bo³³	February			1431	Puroik	ZMYYC		
183988	lɯk³³ tsər³³ aŋ³³ bo³³	March			1431	Puroik	ZMYYC		
222646	lɯ³³	cloudy			1431	Puroik	ZMYYC		
196228	maȶ⁵³	grandmother			1431	Puroik	ZMYYC		
201838	me³³ tak³³	arrow			1431	Puroik	ZMYYC		
216985	mi³³ lua³³	remember			1431	Puroik	ZMYYC		
224329	miȵ³³	cooked			1431	Puroik	ZMYYC		
228460	mua¹¹	classifier for trees			1431	Puroik	ZMYYC		
195157	mua⁵³ bi³³	enemy			1431	Puroik	ZMYYC		
217291	mun³³	dare			1431	Puroik	ZMYYC		
225706	mɔŋ³³	full / satiated			1431	Puroik	ZMYYC		
218515	mək³³	thunder			1431	Puroik	ZMYYC		
200461	mək³³ kua³³	soup			1431	Puroik	ZMYYC		
201583	mə³³ bok³³	gun			1431	Puroik	ZMYYC		
190414	mə³³ buoŋ³³ a³³ kək³³	cucumber			1431	Puroik	ZMYYC		
205408	mə³³ bəʴ³³	song			1431	Puroik	ZMYYC		
205459	mə³³ bəʴ³³	folksong			1431	Puroik	ZMYYC		
206632	mə³³ fo³³	mark			1431	Puroik	ZMYYC		
191587	mə³³ kək³³	stone / pit			1431	Puroik	ZMYYC		
200002	mə³³ luat³³	rice (cooked)			1431	Puroik	ZMYYC		
216526	mə³³ lue⁵³	cheat / swindle			1431	Puroik	ZMYYC		
224635	mə³³ lue⁵³	FALSE			1431	Puroik	ZMYYC		
206071	mə³³ luȶ³³	language			1431	Puroik	ZMYYC		
206428	mə³³ moi⁵³	thing			1431	Puroik	ZMYYC		
194341	mə³³ niɛ¹¹	milk			1431	Puroik	ZMYYC		
201277	mə³³ pæ³³ mət³³ cuoŋ³³	loom			1431	Puroik	ZMYYC		
205510	mə³³ pə³³ lu⁵³	story / tale			1431	Puroik	ZMYYC		
216424	mə³³ ria³³	rob			1431	Puroik	ZMYYC		
186691	mə³³ tsuaŋ³³	roebuck			1431	Puroik	ZMYYC		
206530	mə³³ tɕuoŋ³³	shadow			1431	Puroik	ZMYYC		
192709	mə³³riu³³ uɑ¹¹	throat			1431	Puroik	ZMYYC		
186487	mə³³ ɣua³³ bi³³	boar			1431	Puroik	ZMYYC		
206683	mə³³ ɣua¹¹	ghost / demon			1431	Puroik	ZMYYC		
215914	mə³³ ɣu⁵³	owe			1431	Puroik	ZMYYC		
204031	mə³³ ɣɔŋ⁵³	dung / manure			1431	Puroik	ZMYYC		
198778	mə³³ ɣɔ⁵³	nest			1431	Puroik	ZMYYC		
216322	mə³³ ɣə⁵³	chase / run after			1431	Puroik	ZMYYC		
200410	mə³³ ȵaŋ⁵³	dish			1431	Puroik	ZMYYC		
181438	mə³³ ɟɛ⁵³	ground			1431	Puroik	ZMYYC		
186538	mə³³ ʑi⁵³	monkey			1431	Puroik	ZMYYC		
200257	mə³³ ʑua⁵³	oil			1431	Puroik	ZMYYC		
200767	mə³³ ʑuɛ⁵³	feed			1431	Puroik	ZMYYC		
207448	məŋ³³	hold in mouth			1431	Puroik	ZMYYC		
191179	məŋ³³ tka³³ həʴ⁵³	mushroom			1431	Puroik	ZMYYC		
216118	mɛʴ³³	scold			1431	Puroik	ZMYYC		
229684	nah⁵³ se³³ ȵih⁵³	you two			1431	Puroik	ZMYYC		
214639	nua⁵³	use			1431	Puroik	ZMYYC		
208417	nəŋ	catch			1431	Puroik	ZMYYC		
213466	nɛ³³	make bed			1431	Puroik	ZMYYC		
187354	ok³³ ɕo¹¹	wild goose			1431	Puroik	ZMYYC		
187150	o³³ mo³³ ko³³	pigeon			1431	Puroik	ZMYYC		
184243	par³³ vuaŋ³³ aŋ³³ bo³³	August			1431	Puroik	ZMYYC		
218209	pa³³	dry in the sun			1431	Puroik	ZMYYC		
209131	pa³³ cok³³	ride			1431	Puroik	ZMYYC		
215863	paȵ³³ ɣɛ⁵³	divide			1431	Puroik	ZMYYC		
210712	paȶ³³	chop (tree)			1431	Puroik	ZMYYC		
218821	piak³³	chipped			1431	Puroik	ZMYYC		
219382	pia³³	melt			1431	Puroik	ZMYYC		
208621	piaŋ³³	reach out(hand)			1431	Puroik	ZMYYC		
188578	pi³³ jien³³	maggot			1431	Puroik	ZMYYC		
220198	piə³³	bud			1431	Puroik	ZMYYC		
196126	poh⁵³ ɣuȶ³³	autonym			1431	Puroik	ZMYYC		
187099	po³³ raŋ³³	goose			1431	Puroik	ZMYYC		
184651	po³³ riu³³	day before yesterday			1431	Puroik	ZMYYC		
187303	po³³ tsok³³	eagle			1431	Puroik	ZMYYC		
192913	pua³³ tok³³	arm			1431	Puroik	ZMYYC		
210253	pua³³ tok³³ tsən³³	carry on shoulder			1431	Puroik	ZMYYC		
218005	puaŋ³³	exit			1431	Puroik	ZMYYC		
220096	pue³³	hatch			1431	Puroik	ZMYYC		
200512	pu³³	liquor			1431	Puroik	ZMYYC		
181693	pu³³ ɣua³³	cave			1431	Puroik	ZMYYC		
186181	puŋ³³ di¹¹	rabbit			1431	Puroik	ZMYYC		
194188	pɔk³³ kua³³	snot			1431	Puroik	ZMYYC		
185518	pə³³ ja³³	from now on			1431	Puroik	ZMYYC		
187456	pə³³ kɔk¹¹	magpie			1431	Puroik	ZMYYC		
210967	pə³³ tsua⁵³	graze			1431	Puroik	ZMYYC		
187405	pə³³ tu³³ po³³ wa⁵³	crow			1431	Puroik	ZMYYC		
189139	pə³³ tɕa⁵³	pine			1431	Puroik	ZMYYC		
226420	pə³³ ɕɔ³³	rich			1431	Puroik	ZMYYC		
218617	pə³³ θyəŋ⁵³	overflow			1431	Puroik	ZMYYC		
214180	pəŋ³³	pile up (e.g. earth)			1431	Puroik	ZMYYC		
198064	pəŋ³³ tɕi³³	window			1431	Puroik	ZMYYC		
194545	pəȶ³³	boil			1431	Puroik	ZMYYC		
219688	pəȶ¹¹	swollen			1431	Puroik	ZMYYC		
208519	pəʴi³³	scatter / broadcast			1431	Puroik	ZMYYC		
188629	pɯh⁵³ ɕa⁵³	insect / worm			1431	Puroik	ZMYYC		
213823	pɯ⁵³	wrap			1431	Puroik	ZMYYC		
183427	pɹæ³³ ci⁵³	year, next			1431	Puroik	ZMYYC		
183529	pɹæ³³ dɯ³³	year after next			1431	Puroik	ZMYYC		
184396	ra³³ dʑɔŋ³³ aŋ³³ bo³³	November			1431	Puroik	ZMYYC		
184345	ra³³ lɯh⁵³ aŋ³³ bo³³	October			1431	Puroik	ZMYYC		
216016	riak³³ riak³³	wait			1431	Puroik	ZMYYC		
207550	riu³³ wa³³	swallow			1431	Puroik	ZMYYC		
207601	riu³³ wa³³	swallow			1431	Puroik	ZMYYC		
220045	ri³³	lay (egg)			1431	Puroik	ZMYYC		
208264	riə⁵³	wring (e.g. wet cloth)			1431	Puroik	ZMYYC		
216271	riȶ³³	escape			1431	Puroik	ZMYYC		
208213	rue³³	tear			1431	Puroik	ZMYYC		
205255	sar³³ ɕi¹¹	word / character			1431	Puroik	ZMYYC		
214894	sa³³ ɣo³³ dʑua¹¹	dance			1431	Puroik	ZMYYC		
181897	saŋ³³	copper			1431	Puroik	ZMYYC		
227848	suat³³ dɔŋ³³ gɛʴ⁵³	ninety			1431	Puroik	ZMYYC		
227797	suat³³ la³³	eighty			1431	Puroik	ZMYYC		
227746	suat³³ liɛ³³	seventy			1431	Puroik	ZMYYC		
227593	suat³³ vəʴi³³	forty			1431	Puroik	ZMYYC		
227644	suat³³ wu³³	fifty			1431	Puroik	ZMYYC		
227695	suat³³ ɣək³³	sixty			1431	Puroik	ZMYYC		
227542	suat³³ ɣɯək³³	thirty			1431	Puroik	ZMYYC		
227491	suat³³ ȵi³³ na¹¹ ɦui³³	twenty-one			1431	Puroik	ZMYYC		
227389	suat⁵³ na¹¹ dɔŋ³³ gɛʴ⁵³	nineteen			1431	Puroik	ZMYYC		
227287	suat⁵³ na¹¹ liɛ³³	seventeen			1431	Puroik	ZMYYC		
227338	suat⁵³ na¹¹ lɑ³³	eighteen			1431	Puroik	ZMYYC		
227134	suat⁵³ na¹¹ vəʴi³³	fourteen			1431	Puroik	ZMYYC		
227185	suat⁵³ na¹¹ wu³³	fifteen			1431	Puroik	ZMYYC		
227236	suat⁵³ na¹¹ ɣək³³	sixteen			1431	Puroik	ZMYYC		
227083	suat⁵³ na¹¹ ɣɯək³³	thirteen			1431	Puroik	ZMYYC		
227032	suat⁵³ na¹¹ ȵ̩i³³	twelve			1431	Puroik	ZMYYC		
226981	suat⁵³ na¹¹ ɦui³³	eleven			1431	Puroik	ZMYYC		
213058	suȶ³³	wash (hand)			1431	Puroik	ZMYYC		
213160	suȶ³³	bathe			1431	Puroik	ZMYYC		
210814	sæ³³	cut (firewood)			1431	Puroik	ZMYYC		
213517	sæ³³	sweep			1431	Puroik	ZMYYC		
200206	sə³³ tsər³³	gruel			1431	Puroik	ZMYYC		
208366	səȶ³³	pick up			1431	Puroik	ZMYYC		
187966	tah⁵³ kaŋ⁵³	grasshopper			1431	Puroik	ZMYYC		
213874	tak³³	tie (e.g. firewood)into a bund			1431	Puroik	ZMYYC		
198166	ta³³ kam³³	lime			1431	Puroik	ZMYYC		
202144	ta³³ mei³³ ɣaȶ³³ nua³³	mill			1431	Puroik	ZMYYC		
190363	ta³³ pua⁵³ a³³ kək³³	pumpkin			1431	Puroik	ZMYYC		
224023	ta³³ pə³³	slow			1431	Puroik	ZMYYC		
215812	taŋ³³	give out / distribute			1431	Puroik	ZMYYC		
215353	taŋ³³ duȶ¹¹	return			1431	Puroik	ZMYYC		
215965	taŋ³³ θɯ⁵³ duȶ¹¹	pay indemnity to			1431	Puroik	ZMYYC		
215149	taȶ¹¹	hit (target)			1431	Puroik	ZMYYC		
184090	te³³ lo³³ aŋ³³ bo³³	May			1431	Puroik	ZMYYC		
185416	to³³	now			1431	Puroik	ZMYYC		
209284	toŋ³³	sit			1431	Puroik	ZMYYC		
196177	toŋ³³ maȶ⁵³	grandfather			1431	Puroik	ZMYYC		
209641	toŋ³³ ȵɛn³³	rest			1431	Puroik	ZMYYC		
230500	to⁵³ ba³³ juŋ³³	just now			1431	Puroik	ZMYYC		
211069	tsei	choke			1431	Puroik	ZMYYC		
181183	tsei³³	spring (water)			1431	Puroik	ZMYYC		
214333	tsei³³	light (candle)			1431	Puroik	ZMYYC		
210151	tsən³³	move something to a new place			1431	Puroik	ZMYYC		
210202	tsən³³	carry on a pole (two people)			1431	Puroik	ZMYYC		
231112	tuŋ³³ tuŋ³³	certainly			1431	Puroik	ZMYYC		
208570	tuȶ³³	cast			1431	Puroik	ZMYYC		
199033	tək³³	bracelet			1431	Puroik	ZMYYC		
197911	tər³³ gɹəŋ³³	pole			1431	Puroik	ZMYYC		
199339	tər³³ ma³³	pants / trousers			1431	Puroik	ZMYYC		
209896	tə³³ duȶ³³	repair			1431	Puroik	ZMYYC		
193117	tə³³ kɯ⁵³	chest			1431	Puroik	ZMYYC		
226369	tə³³ no³³	poor			1431	Puroik	ZMYYC		
218770	tə³³ vaʴ³³	collapse			1431	Puroik	ZMYYC		
182509	tə³³ zua⁵³	south			1431	Puroik	ZMYYC		
184447	tɕa³³ me³³ aŋ³³ bo³³	December			1431	Puroik	ZMYYC		
194239	tɕaŋ³³	phlegm			1431	Puroik	ZMYYC		
189853	tɕa⁵³ poʴ³³	maize			1431	Puroik	ZMYYC		
202756	tɕe³³ bua¹¹	chopper			1431	Puroik	ZMYYC		
197809	tɕok³³	home			1431	Puroik	ZMYYC		
195208	tɕok³³ a³³ tɔk³³	host			1431	Puroik	ZMYYC		
198013	tɕok³³ weȶ³³	door			1431	Puroik	ZMYYC		
219943	tɕo³³	bark			1431	Puroik	ZMYYC		
190006	tɕua⁵³	taro			1431	Puroik	ZMYYC		
218362	tɕuȶ³³ lək³³	set (of the sun)			1431	Puroik	ZMYYC		
218311	tɕə³³ puaŋ³³	rise (of the sun)			1431	Puroik	ZMYYC		
217648	u³³	go			1431	Puroik	ZMYYC		
217699	u³³ duȶ¹¹	return / go back			1431	Puroik	ZMYYC		
209386	u³³ kə³³ luɛ³³	go through (a hole)			1431	Puroik	ZMYYC		
217852	u³³ kə³³ luɛ³³	pass by			1431	Puroik	ZMYYC		
229837	va³³ se³³ ȵih⁵³	they two			1431	Puroik	ZMYYC		
229888	va⁵³ ɣəȵ³³	they			1431	Puroik	ZMYYC		
208060	ve³³	strike with open palm			1431	Puroik	ZMYYC		
228919	via⁵³	fathom=6 feet			1431	Puroik	ZMYYC		
212650	viȶ³³	sharpen			1431	Puroik	ZMYYC		
213211	viȶ³³	shave (hair of head)			1431	Puroik	ZMYYC		
214027	vok³³	bury (something)			1431	Puroik	ZMYYC		
198676	vua³³ loŋ³³	vegetable garden			1431	Puroik	ZMYYC		
220300	vuɛ³³	bear fruit			1431	Puroik	ZMYYC		
194494	væ⁵³	fart			1431	Puroik	ZMYYC		
212089	vəȶ³³	stir-fry			1431	Puroik	ZMYYC		
208774	vəʴ⁵³	hold (baby) in arms			1431	Puroik	ZMYYC		
220351	wat³³	wither			1431	Puroik	ZMYYC		
210304	waŋ⁵³	pry			1431	Puroik	ZMYYC		
199186	waʴt⁵³	clothes			1431	Puroik	ZMYYC		
199798	waʴt⁵³	cloth			1431	Puroik	ZMYYC		
219739	wɔŋ⁵³	drunk			1431	Puroik	ZMYYC		
217495	wɛ⁵³	have			1431	Puroik	ZMYYC		
213925	zak³³	load			1431	Puroik	ZMYYC		
213976	zak³³ təŋ⁵³	stuff (hole) up			1431	Puroik	ZMYYC		
217954	zut³³ lo⁵³	descend			1431	Puroik	ZMYYC		
218107	zæ³³ duȶ¹¹	retreat			1431	Puroik	ZMYYC		
212599	zɯ⁵³	insert / stick into			1431	Puroik	ZMYYC		
206938	ŋua³³	look			1431	Puroik	ZMYYC		
191791	ɣaȶ³³	body			1431	Puroik	ZMYYC		
212701	ɣaȶ³³	grind			1431	Puroik	ZMYYC		
208009	ɣei³³	take			1431	Puroik	ZMYYC		
214384	ɣei³³	want			1431	Puroik	ZMYYC		
214435	ɣei³³	get			1431	Puroik	ZMYYC		
215557	ɣei³³	marry (a woman)			1431	Puroik	ZMYYC		
212497	ɣok³³	prick			1431	Puroik	ZMYYC		
209947	ɣoŋ³³ ɕit³³	connect			1431	Puroik	ZMYYC		
214588	ɣuaŋ³³	search			1431	Puroik	ZMYYC		
211273	ɣua⁵³	weave			1431	Puroik	ZMYYC		
213670	ɣu³³	put / place			1431	Puroik	ZMYYC		
215302	ɣɔk³³	borrow / lend			1431	Puroik	ZMYYC		
215200	ɣɔ⁵³	ask / inquire			1431	Puroik	ZMYYC		
209335	ɣəȶ³³	carry on back			1431	Puroik	ZMYYC		
216373	ɣə⁵³	drive away			1431	Puroik	ZMYYC		
187507	ȵa⁵³ mə³³ ȵo³³	swallow			1431	Puroik	ZMYYC		
195259	ȵi³³ həȵ³³	guest			1431	Puroik	ZMYYC		
183580	ȵua³³	spring			1431	Puroik	ZMYYC		
220147	ȵuŋ³³	sting			1431	Puroik	ZMYYC		
226114	ȵə³³ go³³	intelligent			1431	Puroik	ZMYYC		
219535	ɕit³³ ko⁵³	grow			1431	Puroik	ZMYYC		
185569	ɕi³³	bovine			1431	Puroik	ZMYYC		
185671	ɕi³³ bəʴi³³	cattle (common)			1431	Puroik	ZMYYC		
210355	ɕi³³ mu³³ tok¹¹	plough			1431	Puroik	ZMYYC		
190924	ɕiŋ³³ kan³³	peach			1431	Puroik	ZMYYC		
184192	ɕiŋ³³ tə³³ aŋ³³ bo³³	July			1431	Puroik	ZMYYC		
184141	ɕiŋ³³ ɣo³³ aŋ³³ bo³³	June			1431	Puroik	ZMYYC		
187915	ɕo³³ ko³³ jo³³ jo³³	dragonfly			1431	Puroik	ZMYYC		
213772	ɕuat³³	untie			1431	Puroik	ZMYYC		
218974	ɕuȶ³³ lo⁵³	drop / fall			1431	Puroik	ZMYYC		
214537	ɕuȶ³³ ɣaŋ¹¹	lose / misplace			1431	Puroik	ZMYYC		
194443	ɕyɛ⁵³	urine			1431	Puroik	ZMYYC		
205969	ɕə³³min³³	medicine			1431	Puroik	ZMYYC		
181387	ɕə³³ pa³³	field			1431	Puroik	ZMYYC		
204541	ɕə³³ pɯ³³	boat			1431	Puroik	ZMYYC		
186283	ɕə³³ tə³³	elephant			1431	Puroik	ZMYYC		
186589	ɕə³³ tə³³ rəŋ³³	deer			1431	Puroik	ZMYYC		
181234	ɕə⁵³ tɕɔŋ³³	ditch			1431	Puroik	ZMYYC		
211222	ɕɛt³³	lead (animal)			1431	Puroik	ZMYYC		
183172	ɟe³³ la⁵³	time			1431	Puroik	ZMYYC		
230755	ɟe³³ ɟe³³	slowly			1431	Puroik	ZMYYC		
223666	ɦiɛ⁵³	turbid / muddy			1431	Puroik	ZMYYC		
214129	ɦua³³	pick / select			1431	Puroik	ZMYYC		
228358	ɦyo⁵³	classifier for people			1431	Puroik	ZMYYC		
228511	ɦyo⁵³	classifier for animals			1431	Puroik	ZMYYC		
209437	ɹɔŋ⁵³	fall (down)			1431	Puroik	ZMYYC		
212905	ʑək³³	strain (tea)			1431	Puroik	ZMYYC		
208978	θəŋ⁵³	jump			1431	Puroik	ZMYYC		