RID	CONCEPT	CONCEPTICON_GLOSS	DOCULECT	PARAMETER_ID	CONCEPTICON_ID	VALUE	FORM	SOURCE	NOTES	SEGMENTS
187	100_thehusband	the husband	Galo	100_thehusband	1200	ɲi-lòo	ɲi+loː51	Post07	*(mi-)lo	ɲ i + l o � � �
1	101_ifirstpersonsingular	I [first person singular]	Galo	101_ifirstpersonsingular	1209	ŋó	ŋo55	Post07	*ŋoo	ŋ o � �
18	103_inside	inside	Galo	103_inside	1606	a-ràa	a+raː51	Post07	*raŋ ~ *roŋ ‘empty’	a + r a � � �
145	104_tokill	to kill	Galo	104_tokill	1417			Post07		
183	105_toknead	to knead	Galo	105_toknead	274	nuH	nu55	Post07	Ø	n u � �
75	106_theknee	the knee	Galo	106_theknee	1371	lə-bɨɨ̀	lə+bɨː51	Post07	*bɨŋ ‘shoulder/knee’	l ə + b ɨ � � �
222	107_knife	knife	Galo	107_knife	1352	rok-cìk	rok+cik51	Post07	"*rjok ‘iron; knife’"	r o k + c i k � �
224	108_toknowsomething	to know (something)	Galo	108_toknowsomething	1410	cenL	cen51	Post07	*ken	c e n � �
192	109_thelake	the lake	Galo	109_thelake	624	isì-hilə̀ə	i+si51+hi+ləː51	Post07	*rɨŋ ‘deep’	i + s i � � + h i + l ə � � �
228	10_belowunder	below, under	Galo	10_belowunder	1485	ɨkH	ɨk55	Post07	Ø	ɨ k � �
19	110_late	late	Galo	110_late	477			Post07		
146	111_tolaugh	to laugh	Galo	111_tolaugh	1355	ɲɨrH	ɲɨr55	Post07	*ŋil	ɲ ɨ r � �
76	112_theleaf	the leaf	Galo	112_theleaf	628	a-nə́	a+nə55	Post07	*nə	a + n ə � �
188	113_tolearn	to learn	Galo	113_tolearn	504	Ø	Ø	Post07	Ø	�
20	114_left	left	Galo	114_left	244	ciL	tɕi51	Post07	*(lak-)ke	tɕ i � �
147	115_tolick	to lick	Galo	115_tolick	319	rakH	rak55	Post07	*rjak	r a k � �
179	116_toliedown	to lie down	Galo	116_toliedown	215	dooH	doː55	Post07	"*doŋ ‘lie down; exist’"	d o � � �
21	117_lightofweight	light (of weight)	Galo	117_lightofweight	1052			Post07		
185	118_thelipthelips	the lip (the lips)	Galo	118_thelipthelips	478	berL	ber51	Post07	*bel	b e r � �
77	119_theliver	the liver	Galo	119_theliver	1224	a-hín	a+hin55	Post07	*ʑin	a + h i n � �
2	11_big	big	Galo	11_big	1202	kaí	kai55	Post07	í	k a i � �
22	120_long	long	Galo	120_long	1203	a-hòr	a+hor51	Post07		a + h o r � �
78	121_thelouse	the louse	Galo	121_thelouse	1392	ta-ɨk̀	ta+ɨk51	Post07	*fɨk ‘louse (of head)’	t a + ɨ k � �
79	122_thelung	the lung	Galo	122_thelung	688	aa-rò	aː+ro51	Post07	*haŋ(-puk) ‘heart’ + *(mə-)ru ‘torch (n.)’	a � + r o � �
80	123_themanmalehuman	the man (male human)	Galo	123_themanmalehuman	2106	boH	bo55	Post07	*bo ‘father’	b o � �
23	124_many	many	Galo	124_many	1198	jaa-jàa	jaː+jaː51	Post07	*jaŋ ‘more’	j a � + j a � � �
246	125_tomarryamanmarriesawoman	to marry (a man marries a woman)	Galo	125_tomarryamanmarriesawoman	2164	Ø	Ø	Post07	Ø	�
81	126_themeat	the meat	Galo	126_themeat	634	a-dín	a+din55	Post07	*dɨn	a + d i n � �
24	127_middle	middle	Galo	127_middle	1093	ləpàa	lə+paː51	Post07	*praŋ ‘shin/shank’	l ə + p a � � �
82	128_themoon	the moon	Galo	128_themoon	1313	poo-lò	poː+lo51	Post07	*po(-lo)	p o � + l o � �
25	129_morning	morning	Galo	129_morning	1339	arò	a+ro51	Post07	*ro	a + r o � �
45	12_thebird	the bird	Galo	12_thebird	937	pə-táa	pə+taː55	Post07	*taŋ	p ə + t a � � �
230	130_themosquito	the mosquito	Galo	130_themosquito	1509	ta-rúu	ta+ruː55	Post07	*ruŋ	t a + r u � � �
209	131_themother	the mother	Galo	131_themother	1216	a-nə ̀	a+nə51	Post07	*nə	a + n ə � �
83	132_themountain	the mountain	Galo	132_themountain	639	moo-dìi	moː+diː51	Post07	*di	m o � + d i � � �
84	133_themouseorrat	the mouse or rat	Galo	133_themouseorrat	2139	buuL	buː51	Post07	*(ku-)buŋ	b u � � �
85	134_themouth	the mouth	Galo	134_themouth	674	nap-páa	nap+paː55	Post07	*nap	n a p + p a � � �
86	135_themud	the mud	Galo	135_themud	640	hi-túm	hi+tum55	Post07		h i + t u m � �
87	136_thenailfingernailorclaw	the nail (fingernail or claw)	Galo	136_thenailfingernailorclaw	2128	lak-sín	lak+sin55	Post07	*(lak-)ʑin	l a k + s i n � �
88	137_thename	the name	Galo	137_thename	1405	a-mìn	a+min51	Post07	*mɨn ~ *mrɨn	a + m i n � �
215	138_narrow	narrow	Galo	138_narrow	1267	tag-jáa	tag+jaː55	Post07	Ø	t a g + j a � � �
26	139_near	near	Galo	139_near	1942	nɨkH	nɨk55	Post07		n ɨ k � �
127	13_tobite	to bite	Galo	13_tobite	1403	gamL ~ ŋamL	gam51	Post07	*gjam	g a m � �
89	140_theneck	the neck	Galo	140_theneck	1333	lɨɨ-gòo	lɨː+goː51	Post07	*lɨŋ	l ɨ � + g o � � �
90	141_theneedleforsewing	the needle (for sewing)	Galo	141_theneedleforsewing	1382			Post07		
27	142_new	new	Galo	142_new	1231	a-lìi	a+liː51	Post07		a + l i � � �
28	143_nine	nine	Galo	143_nine	1483	keŋŋàa	keŋ+ŋaː51	Post07	*kV(n)aŋ	k e ŋ + ŋ a � � �
182	144_thenit	the nit	Galo	144_thenit	267	riiL	riː51	Post07	*rɨ	r i � � �
171	145_noon	noon	Galo	145_noon	12	kozò	ko+zo51	Post07	Ø	k o + z o � �
91	146_thenose	the nose	Galo	146_thenose	1221	ɲe-pùm	ɲe+pum51	Post07	*ɲa	ɲ e + p u m � �
245	147_oldofperson	old (of person)	Galo	147_oldofperson	2112	kòo	koː51	Post07	*ku ~ *kju?	k o � � �
29	148_one	one	Galo	148_one	1493	akèn	a+ken51	Post07	*kon	a + k e n � �
172	149_theotter	the otter	Galo	149_theotter	15	ho-rám	ho+ram55	Post07	*ram	h o + r a m � �
3	14_black	black	Galo	14_black	163	kajàa	ka+jaː51	Post07	kaL	k a + j a � � �
30	150_outside	outside	Galo	150_outside	762	búu	buː55	Post07		b u � � �
92	151_thepig	the pig	Galo	151_thepig	1337	ə-rə́k	ə+rək55	Post07	*rjek	ə + r ə k � �
229	152_toplantvegetalsrice	to plant (vegetals, rice)	Galo	152_toplantvegetalsrice	1486	lə̀-	lə51	Post07	Ø	l ə � �
148	153_toplay	to play	Galo	153_toplay	1413	menL	men51	Post07	*(soŋ- )man	m e n � �
226	154_topull	to pull	Galo	154_topull	1455	heL	he51	Post07	Ø	h e � �
149	155_topush	to push	Galo	155_topush	1452	tuuL	tuː51	Post07		t u � � �
93	156_therain	the rain	Galo	156_therain	658	ɲi-dóo	ɲi+doː55	Post07	*doŋ	ɲ i + d o � � �
236	157_therainbow	the rainbow	Galo	157_therainbow	1733	Ø	Ø	Post07	Ø	�
31	158_red	red	Galo	158_red	156	lɨɨ-cɨɨ́	lɨː+tɕɨ́ː55	Post07	*lɨŋ	l ɨ � + tɕ ɨ � � � �
150	159_toresidelive	to reside (live)	Galo	159_toresidelive	363	duuL	duː51	Post07	*duŋ	d u � � �
46	15_theblood	the blood	Galo	15_theblood	946	iì	iː51	Post07	*vii	i � � �
243	160_thericeplant	the rice plant	Galo	160_thericeplant	2026	do-lò	do+lo51	Post07	Ø	d o + l o � �
32	161_right	right	Galo	161_right	1019	bəkL	bək51	Post07	*(lak-)brɨk	b ə k � �
193	162_theriver	the river	Galo	162_theriver	666	hi-bùu	hi+buː51	Post07	"*ɕi ‘water; urine’"	h i + b u � � �
94	163_theroad	the road	Galo	163_theroad	667	bə-dáa	bə+daː55	Post07	*bə(ə) ‘way’	b ə + d a � � �
95	164_theroot	the root	Galo	164_theroot	670	a-pɨŕ	a+pɨr55	Post07	*pɨr?	a + p ɨ r � �
96	165_therope	the rope	Galo	165_therope	1218	o-hóo	o+hoː55	Post07	*ɕoŋ ‘Clf: Long, Slender’ (?)	o + h o � � �
33	166_round	round	Galo	166_round	1395	pə-góo	pə+goː55	Post07		p ə + g o � � �
231	167_torun	to run	Galo	167_torun	1519	zukH	zuk55	Post07	*zuk	z u k � �
97	168_thesalt	the salt	Galo	168_thesalt	1274	a-ló	a+lo55	Post07	*lo	a + l o � �
201	169_salty	salty	Galo	169_salty	1091	kɨɨ-cɨk̀	kɨː+cɨk51	Post07	cɨk̀	k ɨ � + c ɨ k � �
177	16_toblowofwind	to blow (of wind)	Galo	16_toblowofwind	175	Ø	Ø	Post07	Ø	�
98	170_thesand	the sand	Galo	170_thesand	671	hi-lìi	hi+liː51	Post07	"*ɕi ‘water; urine’ + "	h i + l i � � �
151	171_toscratch	to scratch	Galo	171_toscratch	1436	gaaH	gaː55	Post07	*gaŋ ‘scratch with claws’	g a � � �
227	172_thesea	the sea	Galo	172_thesea	1474	Ø	Ø	Post07	Ø	�
152	173_tosee	to see	Galo	173_tosee	1409	káa	kaː55	Post07	*kaŋ	k a � � �
99	174_theseed	the seed	Galo	174_theseed	714	liiH	liː55	Post07	*li	l i � � �
34	175_seven	seven	Galo	175_seven	1704	kanə̀	ka+nə51	Post07	(kV-)nɨt	k a + n ə � �
35	176_sharp	sharp	Galo	176_sharp	1396	a-rék	a+rek55	Post07	*rat1	a + r e k � �
221	177_thesheep	the sheep	Galo	177_thesheep	1331	Ø	Ø	Post07	Ø	�
153	178_toshootanarrow	to shoot (an arrow)	Galo	178_toshootanarrow	1172	àp	ap51	Post07	*ap	a p � �
36	179_short	short	Galo	179_short	1645	a-də́ə	a+dəː55	Post07	*təŋ ~ *dəŋ	a + d ə � � �
178	17_thebodyhairhairorfur	the body hair (hair or fur)	Galo	17_thebodyhairhairorfur	189	a-mə̀	a+mə̀	Post07	*mɨt	a + m ə �
101	180_theshoulder	the shoulder	Galo	180_theshoulder	1482	ləə-bɨɨ́	ləː+bɨː55	Post07	*bɨŋ ‘shoulder/knee’	l ə � + b ɨ � � �
186	181_shy	shy	Galo	181_shy	487	a-ɲɨɨ̀	a+ɲɨː51	Post07	*ɲiŋ	a + ɲ ɨ � � �
184	182_thesickle	the sickle	Galo	182_thesickle	341	Ø	Ø	Post07	Ø	�
154	183_tosing	to sing	Galo	183_tosing	1261			Post07		
37	184_six	six	Galo	184_six	1703	akkə́	ak+kə55	Post07	*krə	a k + k ə � �
102	185_theskin	the skin	Galo	185_theskin	763	a-pìn	a+pin51	Post07	*pɨn	a + p i n � �
103	186_thesky	the sky	Galo	186_thesky	1732	ta-lə́ə	ta+ləː55	Post07	*rɨŋ ‘deep’ (?)	t a + l ə � � �
155	187_tosleep	to sleep	Galo	187_tosleep	1585	jupL	jup51	Post07	*jup	j u p � �
38	188_small	small	Galo	188_small	1246	a-jáa	a+jaː55	Post07		a + j a � � �
156	189_tosmellperceiveodortransitive	to smell (perceive odor) [transitive]	Galo	189_tosmellperceiveodortransitive	1586	namL	nam51	Post07	*nam	n a m � �
47	18_thebone	the bone	Galo	18_thebone	1394	a-lóo	a+loː55	Post07	*loŋ	a + l o � � �
104	190_thesmoke	the smoke	Galo	190_thesmoke	778	mɨ-kə̀	mɨ+kə51	Post07	*(mə-)kɨ	m ɨ + k ə � �
211	191_smooth	smooth	Galo	191_smooth	1234	bumL	bum51	Post07	Ø	b u m � �
105	192_thesnake	the snake	Galo	192_thesnake	730	bɨH	bɨ55	Post07	*bɨ	b ɨ � �
106	193_thesnow	the snow	Galo	193_thesnow	784	ta-pám	ta+pam55	Post07	*pam	t a + p a m � �
39	194_soft	soft	Galo	194_soft	1856	ɲakL	ɲak51	Post07	*mjak	ɲ a k � �
107	195_theson	the son	Galo	195_theson	1620	o-rə̀	o+rə51	Post07	*ɦo ‘child (offspring)’	o + r ə � �
239	196_thesparrow	the sparrow	Galo	196_thesparrow	1854	pu-cùp	pu+cup51	Post07	Ø	p u + c u p � �
108	197_thespider	the spider	Galo	197_thespider	843	tatùm-beelùm	ta+tum51+bee+lum51	Post07	*rum	t a + t u m � � + b e e + l u m � �
157	198_tospit	to spit	Galo	198_tospit	1440			Post07		
158	199_tostand	to stand	Galo	199_tostand	1442	dakL	dak51	Post07	*dak	d a k � �
48	19_thebranch	the branch	Galo	19_thebranch	1531	ak-cə́	ak+tɕə55	Post07	*ɦak	a k + tɕ ə � �
237	1_above	above	Galo	1_above	1741	Ø	Ø	Post07	Ø	�
109	200_thestar	the star	Galo	200_thestar	1430	ta-kár	ta+kar55	Post07	*kar	t a + k a r � �
159	201_tosteal	to steal	Galo	201_tosteal	713	cooH	tɕoː55	Post07	*pjoŋ	tɕ o � � �
110	202_thestick	the stick	Galo	202_thestick	1295	a-dáa	a+daː55	Post07		a + d a � � �
111	203_thestoneapieceof	the stone (a piece of)	Galo	203_thestoneapieceof	857	ɨ-lɨɨ̀	ɨ+lɨː51	Post07	*lɨŋ	ɨ + l ɨ � � �
40	204_straight	straight	Galo	204_straight	1404	damL	dam51	Post07		d a m � �
112	205_thesun	the sun	Galo	205_thesun	1343	doo-ɲí	doː+ɲi55	Post07	*ɲi	d o � + ɲ i � �
113	206_thetail	the tail	Galo	206_thetail	1220	ɲe-bùu	ɲe+buː51	Post07	*me ~ *mjo	ɲ e + b u � � �
41	207_ten	ten	Galo	207_ten	1515	ɨrɨɨ́	ɨ+rɨː55	Post07	*rjɨŋ	ɨ + r ɨ � � �
173	208_that	that	Galo	208_that	78	áa	aː55	Post07	*aa	a � � �
241	209_there	there	Galo	209_there	1937	Ø	Ø	Post07	Ø	�
49	20_thebreastfemale	the breast (female)	Galo	20_thebreastfemale	1402	a-cò	a+tɕo51	Post07		a + tɕ o � �
123	210_thick	thick	Galo	210_thick	1244	zɨɨ-càm	dʑɨː+tɕam51	Post07		dʑ ɨ � + tɕ a m � �
114	211_thethigh	the thigh	Galo	211_thethigh	471	ar-báa	ar+baː55	Post07	*far	a r + b a � � �
124	212_thinobject	thin (object)	Galo	212_thinobject	2249	bo-còr	bo+tɕor51	Post07	"*(bV-)cor ‘shallow; thin (paper)’"	b o + tɕ o r � �
160	213_tothinkreflect	to think (reflect)	Galo	213_tothinkreflect	1415	məəH	məː55	Post07	*mɨŋ	m ə � � �
208	214_this	this	Galo	214_this	1214	hì	hi51	Post07	Speaker-proximate demonstrative *ɕi	h i � �
125	215_thousecondpersonsingular	thou [second person singular]	Galo	215_thousecondpersonsingular	1215	nó	no55	Post07	*noo	n o � �
126	216_three	three	Galo	216_three	492	aúm	a+um55	Post07	*a- +*ɦum	a + u m � �
161	217_tothrow	to throw	Galo	217_tothrow	1456	naaH	naː55	Post07		n a � � �
115	218_thethunder	the thunder	Galo	218_thethunder	1150	doo-gúm	doː+gum55	Post07	*gum	d o � + g u m � �
197	219_thetiger	the tiger	Galo	219_thetiger	846	ho-ɲò	ho+ɲo51	Post07	*mjo	h o + ɲ o � �
128	21_toburnintransitive	to burn [intransitive]	Galo	21_toburnintransitive	1428	guL	gu51	Post07	*gu	g u � �
216	220_today	today	Galo	220_today	1283	hi-lóo	hi+loː55	Post07	*loŋ ‘day’	h i + l o � � �
220	221_tomorrow	tomorrow	Galo	221_tomorrow	1329	al-lò	al+lo51	Post07	Ø	a l + l o � �
116	222_thetongue	the tongue	Galo	222_thetongue	1205	a-ró	a+ro55	Post07	*rjo	a + r o � �
117	223_thetoothfront	the tooth (front)	Galo	223_thetoothfront	1380	a-íi	a+iː55	Post07	*fii	a + i � � �
198	224_thetree	the tree	Galo	224_thetree	906	hɨɨ-nə̀	hɨː+nə51	Post07	Ø	h ɨ � + n ə � �
234	225_twenty	twenty	Galo	225_twenty	1710	cam-ɲì	cam+ɲi51	Post07	Ø	c a m + ɲ i � �
165	226_two	two	Galo	226_two	1498	aɲì	a+ɲi51	Post07	*ɲi	a + ɲ i � �
162	227_tovomit	to vomit	Galo	227_tovomit	1278	baH	ba55	Post07	*b(r)at2	b a � �
163	228_towalk	to walk	Galo	228_towalk	1443	inH	in55	Post07	*in	i n � �
118	229_thewater	the water	Galo	229_thewater	948	hiH	hi55	Post07	"*ɕi ‘water; urine’"	h i � �
129	22_tobuy	to buy	Galo	22_tobuy	1869	rəH	rə55	Post07	*rəə	r ə � �
202	230_wefirstpersonpluralinclusive	we [first person plural inclusive]	Galo	230_wefirstpersonpluralinclusive	1131	ɲunù	ɲu+nu51	Post07	Ø	ɲ u + n u � �
166	231_wet	wet	Galo	231_wet	1726	kapL	kap51	Post07		k a p � �
212	232_what	what	Galo	232_what	1236	jòo	joː51	Post07	Ø	j o � � �
200	233_thewheat	the wheat	Galo	233_thewheat	1077	Ø	Ø	Post07	Ø	�
213	234_where	where	Galo	234_where	1237	joo-lò	joː+lo51	Post07	Ø	j o � + l o � �
167	235_white	white	Galo	235_white	1335	ja-púu	ja+puː55	Post07	*pun ~ *puŋ	j a + p u � � �
168	236_who	who	Galo	236_who	1235	jә̀ә	jәː51	Post07		j � � � �
204	237_thewife	the wife	Galo	237_thewife	1199	ɲi-mə́	ɲi+mə55	Post07	Ø	ɲ i + m ə � �
119	238_thewind	the wind	Galo	238_thewind	960	doo-rə́	doː+rə55	Post07	*rji	d o � + r ə � �
120	239_thewing	the wing	Galo	239_thewing	1257	a-láp	a+lap55	Post07	*lap	a + l a p � �
130	23_tochew	to chew	Galo	23_tochew	321	zamH	dʑam55	Post07		dʑ a m � �
164	240_towipe	to wipe	Galo	240_towipe	1454	peKH	peK55	Post07		p e � � �
189	241_thewolf	the wolf	Galo	241_thewolf	522	Ø	Ø	Post07	Ø	�
121	242_thewoman	the woman	Galo	242_thewoman	962	məH	mə55	Post07		m ə � �
238	243_thewoodmaterial	the wood (material)	Galo	243_thewoodmaterial	1803	ɨ-hɨɨ̀	ɨ+hɨː51	Post07	*ɕɨŋ	ɨ + h ɨ � � �
196	244_tosowbroadcastscatterseeds	to sow (broadcast, scatter seeds)	Galo	244_tosowbroadcastscatterseeds	748	Ø	Ø	Post07	Ø	�
122	245_theyear	the year	Galo	245_theyear	1226	a-ɲɨɨ̀	a+ɲɨː51	Post07	*ɲiŋ	a + ɲ ɨ � � �
169	246_yellow	yellow	Galo	246_yellow	1424	ja-zì	ja+dʑi51	Post07		j a + dʑ i � �
203	247_yesterday	yesterday	Galo	247_yesterday	1174	mə-ròo	mə+roː51	Post07	Ø	m ə + r o � � �
207	248_yousecondpersonplural	you [second person plural]	Galo	248_yousecondpersonplural	1213	nó	no55	Post07	Ø	n o � �
206	249_young	young	Galo	249_young	1207	jaa-páa	jaː+paː55	Post07	only masc.	j a � + p a � � �
218	24_thechildyounghuman	the child (young human)	Galo	24_thechildyounghuman	1304	a-ò	a+o51	Post07	*ɦo	a + o � �
100	250_theshit	the shit	Galo	250_theshit	676	eè	eː51	Post07	*ee	e � � �
50	25_thecloud	the cloud	Galo	25_thecloud	1489	doo-mə̀	doː+mə51	Post07	*mək ~ *muk	d o � + m ə � �
4	26_coldoftemperature	cold (of temperature)	Galo	26_coldoftemperature	1287	a-rɨk̀, anL	a+rɨk51	Post07		a + r ɨ k � �
131	27_tocome	to come	Galo	27_tocome	1446	aaH	aː55	Post07	*vaŋ	a � � �
235	28_correctright	correct (right)	Galo	28_correctright	1725	tarɨk	ta+rɨk	Post07	Ø	t a r ɨ k
132	29_tocount	to count	Galo	29_tocount	1420	hapH	hap55	Post07		h a p � �
174	2_all	all	Galo	2_all	98	ŋamH ~ gamH	ŋam55	Post07	Ø	ŋ a m � �
133	30_tocryweep	to cry (weep)	Galo	30_tocryweep	1839	kapH	kap55	Post07	*krap	k a p � �
195	31_dark	dark	Galo	31_dark	706	kanəH	ka+nə55	Post07	Ø	k a + n ə � �
223	32_thedaughter	the daughter	Galo	32_thedaughter	1357	o-mə̀	o+mə51	Post07	Ø	o + m ə � �
51	33_thedew	the dew	Galo	33_thedew	1977	ŋar-sí	ŋar+si55	Post07		ŋ a r + s i � �
134	34_todie	to die	Galo	34_todie	1494	hiH	hi55	Post07	*ɕi	h i � �
135	35_todig	to dig	Galo	35_todig	1418	koL	ko51	Post07	*ko ~ kjo	k o � �
5	36_dirty	dirty	Galo	36_dirty	1230	gèk	gek51	Post07		g e k � �
52	37_thedog	the dog	Galo	37_thedog	2009	i-kìi	i+kiː51	Post07	*kwii	i + k i � � �
53	38_thedream	the dream	Galo	38_thedream	2374	ju-màa	ju+maː51	Post07	*maŋ	j u + m a � � �
136	39_todrink	to drink	Galo	39_todrink	1401	tɨɨH	tɨː55	Post07	*tɨŋ	t ɨ � � �
42	3_theant	the ant	Galo	3_theant	587	ta-rùk	ta+ruk51	Post07	*ruk ~ *rup	t a + r u k � �
6	40_dry	dry	Galo	40_dry	1398	pɨL	pɨ51	Post07		p ɨ � �
54	41_thedust	the dust	Galo	41_thedust	2	pə-mɨŕ	pə+mɨr55	Post07	mɨŕ	p ə + m ɨ r � �
55	42_theear	the ear	Galo	42_theear	1247	ɲe-rùu	ɲe+ruː51	Post07	"*ruŋ ‘hole; ear’"	ɲ e + r u � � �
194	43_early	early	Galo	43_early	672	komH	kom55	Post07	early morning’, *kom ‘early morning’	k o m � �
56	44_theearthsoil	the earth (soil)	Galo	44_theearthsoil	1228	ko-dée	ko+deː55	Post07		k o + d e � � �
247	45_theearthworm	the earthworm	Galo	45_theearthworm	2350	ta-dòr	ta+dor51	Post07	*tol ~ *dol	t a + d o r � �
137	46_toeat	to eat	Galo	46_toeat	1336	doH	do55	Post07	*do	d o � �
57	47_theegg	the egg	Galo	47_theegg	744	pɨH	pɨ55	Post07	*pɨ	p ɨ � �
7	48_eight	eight	Galo	48_eight	1705	pii-nə̀	pii+nə51	Post07	*pri +	p ii + n ə � �
58	49_theeye	the eye	Galo	49_theeye	1248	a-ɲɨḱ	a+ɲɨk55	Post07	*mik	a + ɲ ɨ k � �
240	4_thearmpit	the armpit	Galo	4_thearmpit	1886	Ø	Ø	Post07	Ø	�
8	50_far	far	Galo	50_far	1406	o-dòo	o+doː51	Post07	*do	o + d o � � �
210	51_thefather	the father	Galo	51_thefather	1217	a-bó	a+bo55	Post07	*bo	a + b o � �
205	52_thefeather	the feather	Galo	52_thefeather	1201	Ø	Ø	Post07	Ø	�
138	53_tofight	to fight	Galo	53_tofight	1423			Post07		
59	54_thefire	the fire	Galo	54_thefire	221	ə-mə ̀	ə+mə51	Post07	*mə	ə + m ə � �
170	55_firewood	firewood	Galo	55_firewood	10	ɨ-hɨɨ̀	ɨ+hɨː51	Post07	*ɕɨŋ ‘wood’	ɨ + h ɨ � � �
60	56_thefish	the fish	Galo	56_thefish	227	ŋo-í	ŋo+i55	Post07	*ŋo	ŋ o + i � �
9	57_five	five	Galo	57_five	493	aŋ-ŋó	aŋ+ŋo55	Post07	*ŋo	a ŋ + ŋ o � �
180	58_theflea	the flea	Galo	58_theflea	232	ta-líi	ta+liː55	Post07	Ø	t a + l i � � �
232	59_tofloat	to float	Galo	59_tofloat	1574	zaaL	zaː51	Post07	*bjaŋ ‘swim’	z a � � �
217	5_bad	bad	Galo	5_bad	1292	ɲɨɨ́	ɲɨː55	Post07	Ø	ɲ ɨ � �
242	60_toflow	to flow	Galo	60_toflow	2003	dɨɨL	dɨː51	Post07	Ø	d ɨ � � �
61	61_theflower	the flower	Galo	61_theflower	239	a-púu	a+puː55	Post07	*pun	a + p u � � �
139	62_toflymovethroughair	to fly (move through air)	Galo	62_toflymovethroughair	1441	zarH	dʑar55	Post07	*bjar	dʑ a r � �
181	63_thefog	the fog	Galo	63_thefog	249	aa-pám	aː+pam55	Post07	*pam ‘snow’	a � + p a m � �
62	64_thefoot	the foot	Galo	64_thefoot	1301	a-lə ̀	a+lə51	Post07	*lə (~ *le?)	a + l ə � �
63	65_theforest	the forest	Galo	65_theforest	420	moo-tùm	moː+tum51	Post07	*mroŋ ‘world/land/earth’	m o � + t u m � �
140	66_toforget	to forget	Galo	66_toforget	1523	ɲoo-pèn	ɲoː+pen51	Post07	"*(ɦo-)pran ‘orphan; forget’"	ɲ o � + p e n � �
10	67_four	four	Galo	67_four	1500	piiH	piː55	Post07	*pri	p i � � �
219	68_thefox	the fox	Galo	68_thefox	1312	Ø	Ø	Post07	Ø	�
64	69_thefrog	the frog	Galo	69_thefrog	503	ta-tɨḱ	ta+tɨk55	Post07	*tɨk	t a + t ɨ k � �
43	6_thebamboo	the bamboo	Galo	6_thebamboo	1927	iiH	iː55	Post07		i � � �
65	70_thefrontfrontside	the front (front side)	Galo	70_thefrontfrontside	2194	aa-bóo	aː+boː55	Post07		a � + b o � � �
244	71_thefrost	the frost	Galo	71_thefrost	2034	Ø	Ø	Post07	Ø	�
66	72_thefruit	the fruit	Galo	72_thefruit	1507	apə́-ahèe	a+pə55+a+heː51	Post07	heeL < *ʑe	a + p ə � � + a + h e � � �
11	73_full	full	Galo	73_full	1429	cɨrH	tɕɨr55	Post07		tɕ ɨ r � �
141	74_togive	to give	Galo	74_togive	1447	ziH	dʑi55	Post07	*bi	dʑ i � �
67	75_thegoat	the goat	Galo	75_thegoat	1502	ho-bìn	ho+bin51	Post07	*ben ~ *bren ‘takin’	h o + b i n � �
12	76_good	good	Galo	76_good	1035	a-lə ́	a+lə55	Post07	*la	a + l ə � �
190	77_thegrass	the grass	Galo	77_thegrass	606	nə-mɨɨ̀	nə+mɨː51	Post07	Ø	n ə + m ɨ � � �
13	78_green	green	Galo	78_green	1425	ja-zèe	ja+dʑeː51	Post07		j a + dʑ e � � �
68	79_thehail	the hail	Galo	79_thehail	609	ta-ɨ ́	ta+ɨ55	Post07		t a + ɨ � �
199	7_thebarleytibetanorhighland	the barley (tibetan or highland)	Galo	7_thebarleytibetanorhighland	932	Ø	Ø	Post07	Ø	�
69	80_thehairofthehead	the hair (of the head)	Galo	80_thehairofthehead	1040	a-dúm	a+dum55	Post07	*dum ‘head’	a + d u m � �
70	81_thehand	the hand	Galo	81_thehand	1277	a-lák	a+lak55	Post07	*lak	a + l a k � �
14	82_hard	hard	Galo	82_hard	1884	torH	tor55	Post07	*tol	t o r � �
15	83_heorshethirdpersonsingular	he or she [third person singular]	Galo	83_heorshethirdpersonsingular	262	bɨɨ̀	bɨː̀51	Post07	*baL + *ɨH	b ɨ � � � �
71	84_thehead	the head	Galo	84_thehead	1256	dum-póo	dum+poː55	Post07	*dum ‘head’	d u m + p o � � �
142	85_tohear	to hear	Galo	85_tohear	1408	taH	ta55	Post07	*tat2	t a � �
72	86_theheart	the heart	Galo	86_theheart	1223	aa-pùk	aː+puk51	Post07	*haŋ(-puk) ‘heart’	a � + p u k � �
16	87_heavy	heavy	Galo	87_heavy	1210	a-ìi	a+iː51	Post07	*ɦit	a + i � � �
175	88_here	here	Galo	88_here	136	Ø	Ø	Post07	Ø	�
143	89_tohideconceal	to hide (conceal)	Galo	89_tohideconceal	602	kahí-	ka+hi55	Post07		k a + h i � �
225	8_tobealive	to be alive	Galo	8_tobealive	1422	turH	tur55	Post07	*tur	t u r � �
214	90_hightall	high / tall	Galo	90_hightall	1265	(o)o-dóm	o+dom55	Post07	Ø	o + d o m � �
144	91_tohold	to hold	Galo	91_tohold	1448	bəəH	bəː55	Post07		b ə � � �
176	92_thehoof	the hoof	Galo	92_thehoof	152	Ø	Ø	Post07	Ø	�
248	93_horizontal	horizontal	Galo	93_horizontal	2376	Ø	Ø	Post07	Ø	�
73	94_thehornkeratinizedskin	the horn (keratinized skin)	Galo	94_thehornkeratinizedskin	1393	rəə-búu	rəː+buː55	Post07	*rəŋ	r ə � + b u � � �
191	95_thehorse	the horse	Galo	95_thehorse	615	gurée	gu+reː55	Post07	LOAN IA	g u + r e � � �
17	96_hot	hot	Galo	96_hot	1286	goL	go51	Post07	*gu ~ *gju	g o � �
74	97_thehouse	the house	Galo	97_thehouse	1252	namH	nam55	Post07	*nam	n a m � �
233	98_hundred	hundred	Galo	98_hundred	1634	cam-rɨɨ́	cam+rɨː55	Post07	*cam ‘tens’	c a m + r ɨ � � �
44	9_thebelly	the belly	Galo	9_thebelly	1251	a-kíi	a+kiː55	Post07	*kri ‘guts’	a + k i � � �