ID	PARAMETER_ID	CONCEPT	DOCULECT	LANGUAGE_NAME	VALUE	FORM	TOKENS	GLOTTOLOG	CONCEPTICON	LATITUDE	LONGITUDE	COGNACY	COGID	LOAN	NOTES	RID
95	101_ifirstpersonsingular	I [first person singular]	KusundaK	Kamala	ʧiː	ʧiː	tʃ iː	kusu1250	1209	28.0	82.26		771	False		4080
1	1_above	above	KusundaK	Kamala	nɔ̃ː.ʤi ɐ̃ː.ʤi	nɔ̃ː.ʤi	n ɔ̃ː + dʒ i	kusu1250	1741	28.0	82.26		790	False		12
2	2_all	all	KusundaK	Kamala	swɐ.t̪eː	swɐ.t̪eː	s w ɐ + t̪ eː	kusu1250	98	28.0	82.26		794	False		58
5	5_bad	bad	KusundaK	Kamala	qɔː.lum	qɔː.lum	q ɔː + l u m	kusu1250	1292	28.0	82.26		802	False		153
10	10_belowunder	below, under	KusundaK	Kamala	ɐ.mə.gaː	ɐ.mə.gaː	ɐ + m ə + g aː	kusu1250	1485	28.0	82.26		809	False		335
11	11_big	big	KusundaK	Kamala	bɐ.ʧʰiː	bɐ.ʧʰiː	b ɐ + tʃʰ iː	kusu1250	1202	28.0	82.26		412	False		381
14	14_black	black	KusundaK	Kamala	sɔk.sɔk.di sɔk.sɔk.gɔ.rɔm	sɔk.sɔk.di	s ɔ k + s ɔ k + d i	kusu1250	163	28.0	82.26		12	False		532
26	26_coldoftemperature	cold (of temperature)	KusundaK	Kamala	jɐ.ɐ̰w	jɐ.ɐ̰w	j ɐ + ɐ̰ w	kusu1250	1287	28.0	82.26		811	False		1092
28	28_correctright	correct (right)	KusundaK	Kamala	wɛːn ~ ɔː.wɛn ~ ɔː.wən	ɔː.wɛn	ɔː + w ɛ n	kusu1250	1725	28.0	82.26		813	False		1208
31	31_dark	dark	KusundaK	Kamala	ĩːŋ.ɐ̪.aw	ĩːŋ.ɐ̪.aw	ĩː ŋ + ɐ̰ + au	kusu1250	706	28.0	82.26			False		
36	36_dirty	dirty	KusundaK	Kamala	huj.gɐn	huj.gɐn	h u j + g ɐ n	kusu1250	1230	28.0	82.26		822	False		1498
40	40_dry	dry	KusundaK	Kamala	qɐj.ʤiː	qɐj.ʤiː	q ɐ j + dʒ iː	kusu1250	1398	28.0	82.26		827	False		1692
43	43_early	early	KusundaK	Kamala	si.baː	si.baː	s i + b aː	kusu1250	672	28.0	82.26			False		
48	48_eight	eight	KusundaK	Kamala	aːt̪	aːt̪	aː t̪	kusu1250	1705	28.0	82.26		828	True		2028
50	50_far	far	KusundaK	Kamala	hun.tuː	hun.tuː	h u n + t uː	kusu1250	1406	28.0	82.26		4053	False		2118
55	55_firewood	firewood	KusundaK	Kamala	d̪əj.ʤiː	d̪əj.ʤiː	d̪ ə j + dʒ iː	kusu1250	10	28.0	82.26			False		
57	57_five	five	KusundaK	Kamala	paː.gɔː	paː.gɔː	p aː + g ɔː	kusu1250	493	28.0	82.26		10357	False		2362
65	67_four	four	KusundaK	Kamala	piː.guː	piː.guː	p iː + g uː	kusu1250	1500	28.0	82.26		263	False		2691
70	73_full	full	KusundaK	Kamala	pʰi.ru.t̪.n	pʰi.ru.t̪.n	pʰ i + r u + t̪ + n	kusu1250	1429	28.0	82.26		149	False		2954
73	76_good	good	KusundaK	Kamala	wɛːn	wɛːn	w ɛː n	kusu1250	1035	28.0	82.26		836	False		3105
75	78_green	green	KusundaK	Kamala	hɐ.rə.gun	hɐ.rə.gun	h ɐ + r ə + g u n	kusu1250	1425	28.0	82.26		842	False		3166
79	82_hard	hard	KusundaK	Kamala	pɐ.sɔw	pɐ.sɔw	p ɐ + s ɔu	kusu1250	1884	28.0	82.26		843	False		3356
80	83_heorshethirdpersonsingular	he or she [third person singular]	KusundaK	Kamala	gi.naː	gi.naː	g i + n aː	kusu1250	262	28.0	82.26		848	False		3407
84	87_heavy	heavy	KusundaK	Kamala	liŋ.waː	liŋ.waː	l i ŋ + w aː	kusu1250	1210	28.0	82.26		10379	False		3607
85	88_here	here	KusundaK	Kamala	t̪əj.saː	t̪əj.saː	t̪ ə j + s aː	kusu1250	136	28.0	82.26		854	False		3656
87	90_hightall	high / tall	KusundaK	Kamala	gʰɔp.baː	gʰɔp.baː	gʰ ɔ p + b aː	kusu1250	1265	28.0	82.26			False		
90	96_hot	hot	KusundaK	Kamala	gʰɐ.rɔw	gʰɐ.rɔw	gʰ ɐ + r ɔu	kusu1250	1286	28.0	82.26		858	False		3892
92	98_hundred	hundred	KusundaK	Kamala	pãː.gu bi.sa sɐj ɛk	pãː.gu	p ãː + g u	kusu1250	1634	28.0	82.26		185	False		3993
97	103_inside	inside	KusundaK	Kamala	ɐ̃.waː	ɐ̃.waː	ɐ̃ + w aː	kusu1250	1606	28.0	82.26		868	False		4174
101	107_knife	knife	KusundaK	Kamala	qɔ.liː	qɔ.liː	q ɔ + l iː	kusu1250	1352	28.0	82.26		589	False		4326
103	110_late	late	KusundaK	Kamala	mɐ.laŋ	mɐ.laŋ	m ɐ + l a ŋ	kusu1250	477	28.0	82.26		594	False		4452
109	117_lightofweight	light (of weight)	KusundaK	Kamala	kãː.wər	kãː.wər	k ãː + w ə r	kusu1250	1052	28.0	82.26		36	False		4704
111	120_long	long	KusundaK	Kamala	lɐŋ.kɐn	lɐŋ.kɐn	l ɐ ŋ + k ɐ n	kusu1250	1203	28.0	82.26		869	False		4801
115	124_many	many	KusundaK	Kamala	mə.niː	mə.niː	m ə + n iː	kusu1250	1198	28.0	82.26		1027	False		4999
118	127_middle	middle	KusundaK	Kamala	gi.ʤaːt̪	gi.ʤaːt̪	g i + dʒ aː t̪	kusu1250	1093	28.0	82.26		602	False		5100
120	129_morning	morning	KusundaK	Kamala	pʲɛː ɔ.rɔkʰ	pʲɛː+ɔ.rɔkʰ	p j ɛː + ɔ + r ɔ kʰ	kusu1250	1339	28.0	82.26		605	False		5197
128	139_near	near	KusundaK	Kamala	is.t̪aː	is.t̪aː	i s + t̪ aː	kusu1250	1942	28.0	82.26		624	False		5639
131	142_new	new	KusundaK	Kamala	ʤɛŋ.n	ʤɛŋ.n	dʒ ɛ ŋ + n	kusu1250	1231	28.0	82.26		644	False		5790
132	143_nine	nine	KusundaK	Kamala	nɐw	nɐw	n ɐu	kusu1250	1483	28.0	82.26		39	True		5837
134	145_noon	noon	KusundaK	Kamala	ɔ̃ː.ʦaː	ɔ̃ː.ʦaː	ɔ̃ː + ts aː	kusu1250	12	28.0	82.26		875	False		5880
136	147_oldofperson	old (of person)	KusundaK	Kamala	bu.d̪ʰaː	bu.d̪ʰaː	b u + d̪ʰ aː	kusu1250	2112	28.0	82.26			False		
137	148_one	one	KusundaK	Kamala	qɐs.t̪iː	qɐs.t̪iː	q ɐ s + t̪ iː	kusu1250	1493	28.0	82.26		649	False		6023
138	150_outside	outside	KusundaK	Kamala	bãː.ʤaː	bãː.ʤaː	b ãː + dʒ aː	kusu1250	762	28.0	82.26		658	False		6108
145	158_red	red	KusundaK	Kamala	kʰɐ.run	kʰɐ.run	kʰ ɐ + r u n	kusu1250	156	28.0	82.26		659	False		6485
151	166_round	round	KusundaK	Kamala	gu.luŋ.di	gu.luŋ.di	g u + l u ŋ + d i	kusu1250	1395	28.0	82.26		668	False		6860
154	169_salty	salty	KusundaK	Kamala	hu.kiː ɐm	hu.kiː+ɐm	h u + k iː + ɐ m	kusu1250	1091	28.0	82.26			False		
158	175_seven	seven	KusundaK	Kamala	saːt̪	saːt̪	s aː t̪	kusu1250	1704	28.0	82.26		40	True		7205
159	176_sharp	sharp	KusundaK	Kamala	qaːn	qaːn	q aː n	kusu1250	1396	28.0	82.26		782	False		7247
162	179_short	short	KusundaK	Kamala	pʰɔ.t̪ɔk	pʰɔ.t̪ɔk	pʰ ɔ + t̪ ɔ k	kusu1250	1645	28.0	82.26		697	False		7389
163	181_shy	shy	KusundaK	Kamala	kʰʲɛː ɐ.gɔː	kʰʲɛː+ɐ.gɔː	kʲʰ ɛː + ɐ + g ɔː	kusu1250	487	28.0	82.26		776	False		7484
166	184_six	six	KusundaK	Kamala	ʦʰaː	ʦʰaː	tsʰ aː	kusu1250	1703	28.0	82.26		767	True		7572
170	188_small	small	KusundaK	Kamala	huŋ.kəj	huŋ.kəj	h u ŋ + k ə j	kusu1250	1246	28.0	82.26			False		
175	194_soft	soft	KusundaK	Kamala	jɔː.lɐq	jɔː.lɐq	j ɔː + l ɐ q	kusu1250	1856	28.0	82.26		704	False		7946
185	204_straight	straight	KusundaK	Kamala	ʦaŋ qʰaw	ʦaŋ+qʰaw	ts a ŋ + qʰ au	kusu1250	1404	28.0	82.26		721	False		8420
188	207_ten	ten	KusundaK	Kamala	d̪ɐːs	d̪ɐːs	d̪ ɐː s	kusu1250	1515	28.0	82.26		66	True		8570
189	208_that	that	KusundaK	Kamala	gi.naː	gi.naː	g i + n aː	kusu1250	78	28.0	82.26		878	False		8612
3	3_theant	the ant	KusundaK	Kamala	biː.kiː	biː.kiː	b iː + k iː	kusu1250	587	28.0	82.26		720	False		105
4	4_thearmpit	the armpit	KusundaK	Kamala	kaː.kʰiː	kaː.kʰiː	k aː + kʰ iː	kusu1250	1886	28.0	82.26			False		
6	6_thebamboo	the bamboo	KusundaK	Kamala	pɐ.weːj	pɐ.weːj	p ɐ + w eː j	kusu1250	1927	28.0	82.26		501	False		206
7	7_thebarleytibetanorhighland	the barley (tibetan or highland)	KusundaK	Kamala	gi.saː.laː	gi.saː.laː	g i + s aː + l aː	kusu1250	932	28.0	82.26		46	False		256
9	9_thebelly	the belly	KusundaK	Kamala	geː.mɐt̪	geː.mɐt̪	g eː + m ɐ t̪	kusu1250	1251	28.0	82.26		885	False		286
12	12_thebird	the bird	KusundaK	Kamala	qɔ.t̪uː	qɔ.t̪uː	q ɔ + t̪ uː	kusu1250	937	28.0	82.26		10146	False		432
15	15_theblood	the blood	KusundaK	Kamala	lɐ.paː	lɐ.paː	l ɐ + p aː	kusu1250	946	28.0	82.26		91	False		584
17	17_thebodyhairhairorfur	the body hair (hair or fur)	KusundaK	Kamala	giː	giː	g iː	kusu1250	189	28.0	82.26		104	False		670
18	18_thebone	the bone	KusundaK	Kamala	gu.uː	gu.uː	g u + uː	kusu1250	1394	28.0	82.26		115	False		716
19	19_thebranch	the branch	KusundaK	Kamala	ɔ.mɔq	ɔ.mɔq	ɔ + m ɔ q	kusu1250	1531	28.0	82.26		69	False		766
20	20_thebreastfemale	the breast (female)	KusundaK	Kamala	ɐm.buː	ɐm.buː	ɐ m + b uː	kusu1250	1402	28.0	82.26		117	False		812
24	24_thechildyounghuman	the child (young human)	KusundaK	Kamala	gə.ʧeː	gə.ʧeː	g ə + tʃ eː	kusu1250	1304	28.0	82.26		6498	False		1002
25	25_thecloud	the cloud	KusundaK	Kamala	bɐm	bɐm	b ɐ m	kusu1250	1489	28.0	82.26		893	False		1044
32	32_thedaughter	the daughter	KusundaK	Kamala	niŋ.ʧiː	niŋ.ʧiː	n i ŋ + tʃ iː	kusu1250	1357	28.0	82.26		895	False		1349
33	33_thedew	the dew	KusundaK	Kamala	ʤʲun t̪ɐŋ	ʤʲun+t̪ɐŋ	dʒ j u n + t̪ ɐ ŋ	kusu1250	1977	28.0	82.26			False		
37	37_thedog	the dog	KusundaK	Kamala	ɐ.gəj	ɐ.gəj	ɐ + g ə j	kusu1250	2009	28.0	82.26		2065	False		1545
38	38_thedream	the dream	KusundaK	Kamala	maːq	maːq	m aː q	kusu1250	2374	28.0	82.26		10217	False		1594
41	41_thedust	the dust	KusundaK	Kamala	huj	huj	h u j	kusu1250	2	28.0	82.26		896	False		1744
42	42_theear	the ear	KusundaK	Kamala	jəw	jəw	j ə w	kusu1250	1247	28.0	82.26		918	False		1794
44	44_theearthsoil	the earth (soil)	KusundaK	Kamala	d̪um	d̪um	d̪ u m	kusu1250	1228	28.0	82.26		3742	False		1841
45	45_theearthworm	the earthworm	KusundaK	Kamala	əj.niː	əj.niː	ə j + n iː	kusu1250	2350	28.0	82.26		929	False		1888
47	47_theegg	the egg	KusundaK	Kamala	gwaː	gwaː	g w aː	kusu1250	744	28.0	82.26		134	False		1978
49	49_theeye	the eye	KusundaK	Kamala	iːŋ	iːŋ	iː ŋ	kusu1250	1248	28.0	82.26		138	False		2071
51	51_thefather	the father	KusundaK	Kamala	jɛj	jɛj	j ɛ j	kusu1250	1217	28.0	82.26		140	False		2166
52	52_thefeather	the feather	KusundaK	Kamala	ɐ.ɦun	ɐ.ɦun	ɐ + ɦ u n	kusu1250	1201	28.0	82.26			False		
54	54_thefire	the fire	KusundaK	Kamala	ʤaː	ʤaː	dʒ aː	kusu1250	221	28.0	82.26		144	False		2265
56	56_thefish	the fish	KusundaK	Kamala	nɐ.saː	nɐ.saː	n ɐ + s aː	kusu1250	227	28.0	82.26		186	False		2314
58	58_theflea	the flea	KusundaK	Kamala	bul.ʦʰum	bul.ʦʰum	b u l + tsʰ u m	kusu1250	232	28.0	82.26			False		
60	61_theflower	the flower	KusundaK	Kamala	geː.pa̰ːn	geː.pa̰ːn	g eː + p a̰ː n	kusu1250	239	28.0	82.26		10308	False		2446
62	64_thefoot	the foot	KusundaK	Kamala	jɛn	jɛn	j ɛ n	kusu1250	1301	28.0	82.26		273	False		2544
63	65_theforest	the forest	KusundaK	Kamala	gi.lɐŋ	gi.lɐŋ	g i + l ɐ ŋ	kusu1250	420	28.0	82.26		124	False		2594
66	68_thefox	the fox	KusundaK	Kamala	qaː.wəj	qaː.wəj	q aː + w ə j	kusu1250	1312	28.0	82.26		379	False	means 'jackal'	2738
67	69_thefrog	the frog	KusundaK	Kamala	bɐm.luː	bɐm.luː	b ɐ m + l uː	kusu1250	503	28.0	82.26		3552	False		2772
68	70_thefrontfrontside	the front (front side)	KusundaK	Kamala	pin.d̪aː	pin.d̪aː	p i n + d̪ aː	kusu1250	2194	28.0	82.26		311	False		2817
69	72_thefruit	the fruit	KusundaK	Kamala	ʤuŋ.ʤɐŋ	ʤuŋ.ʤɐŋ	dʒ u ŋ + dʒ ɐ ŋ	kusu1250	1507	28.0	82.26		374	False		2905
72	75_thegoat	the goat	KusundaK	Kamala	ɐj.ʤi.giː	ɐj.ʤi.giː	ɐ j + dʒ i + g iː	kusu1250	1502	28.0	82.26		389	False		3057
74	77_thegrass	the grass	KusundaK	Kamala	gʰãːs	gʰãːs	gʰ ãː s	kusu1250	606	28.0	82.26			False		
76	79_thehail	the hail	KusundaK	Kamala	jaːq	jaːq	j aː q	kusu1250	609	28.0	82.26		416	False		3215
77	80_thehairofthehead	the hair (of the head)	KusundaK	Kamala	i.pi giː	i.pi+giː	i + p i + g iː	kusu1250	1040	28.0	82.26		775	False		3260
78	81_thehand	the hand	KusundaK	Kamala	aː.wəj	aː.wəj	aː + w ə j	kusu1250	1277	28.0	82.26		428	False		3308
81	84_thehead	the head	KusundaK	Kamala	i.piː	i.piː	i + p iː	kusu1250	1256	28.0	82.26		4074	False		3454
83	86_theheart	the heart	KusundaK	Kamala	gɔ.blɔk	gɔ.blɔk	g ɔ + b l ɔ k	kusu1250	1223	28.0	82.26		439	False		3558
89	95_thehorse	the horse	KusundaK	Kamala	pʰʲɛk.sɐm	pʰʲɛk.sɐm	pʰ j ɛ k + s ɐ m	kusu1250	615	28.0	82.26		443	False		3852
91	97_thehouse	the house	KusundaK	Kamala	wu.hiː	wu.hiː	w u + h iː	kusu1250	1252	28.0	82.26		328	False		3944
94	100_thehusband	the husband	KusundaK	Kamala	d̪u.hiː	d̪u.hiː	d̪ u + h iː	kusu1250	1200	28.0	82.26		217	False		4037
96	102_theice	the ice	KusundaK	Kamala	jaːq	jaːq	j aː q	kusu1250	617	28.0	82.26		228	False		4130
100	106_theknee	the knee	KusundaK	Kamala	up.t̪ɔː	up.t̪ɔː	u p + t̪ ɔː	kusu1250	1371	28.0	82.26		743	False		4276
105	112_theleaf	the leaf	KusundaK	Kamala	haːq	haːq	h aː q	kusu1250	628	28.0	82.26		3844	False		4551
110	119_theliver	the liver	KusundaK	Kamala	i.d̪uː	i.d̪uː	i + d̪ uː	kusu1250	1224	28.0	82.26		751	False		4752
112	121_thelouse	the louse	KusundaK	Kamala	kiː	kiː	k iː	kusu1250	1392	28.0	82.26		237	False		4853
113	122_thelung	the lung	KusundaK	Kamala	gɔ.bʲɛkʰ	gɔ.bʲɛkʰ	g ɔ + b j ɛ kʰ	kusu1250	688	28.0	82.26		760	False		4902
114	123_themanmalehuman	the man (male human)	KusundaK	Kamala	d̪uj gə.ʧeː	d̪uj+gə.ʧeː	d̪ u j + g ə + tʃ eː	kusu1250	2106	28.0	82.26		754	False		4950
117	126_themeat	the meat	KusundaK	Kamala	ɐm.baː	ɐm.baː	ɐ m + b aː	kusu1250	634	28.0	82.26		757	False		5051
119	128_themoon	the moon	KusundaK	Kamala	ni.kuː	ni.kuː	n i + k uː	kusu1250	1313	28.0	82.26		238	False		5149
121	131_themother	the mother	KusundaK	Kamala	məj	məj	m ə j	kusu1250	1216	28.0	82.26		143	False		5288
122	132_themountain	the mountain	KusundaK	Kamala	d̪i.bɐŋ	d̪i.bɐŋ	d̪ i + b ɐ ŋ	kusu1250	639	28.0	82.26		943	False		5340
123	133_themouseorrat	the mouse or rat	KusundaK	Kamala	jɛŋ.gut̪	jɛŋ.gut̪	j ɛ ŋ + g u t̪	kusu1250	2139	28.0	82.26		247	False		5390
124	134_themouth	the mouth	KusundaK	Kamala	ɐ.t̪aː	ɐ.t̪aː	ɐ + t̪ aː	kusu1250	674	28.0	82.26		959	False		5440
125	135_themud	the mud	KusundaK	Kamala	d̪um	d̪um	d̪ u m	kusu1250	640	28.0	82.26		1500	False		5495
126	136_thenailfingernailorclaw	the nail (fingernail or claw)	KusundaK	Kamala	ɐw.siː	ɐw.siː	ɐ w + s iː	kusu1250	2128	28.0	82.26		88	False		5540
127	137_thename	the name	KusundaK	Kamala	gi.ʤeː	gi.ʤeː	g i + dʒ eː	kusu1250	1405	28.0	82.26		770	False		5590
129	140_theneck	the neck	KusundaK	Kamala	hɐŋ.kiː	hɐŋ.kiː	h ɐ ŋ + k iː	kusu1250	1333	28.0	82.26		695	False		5690
130	141_theneedleforsewing	the needle (for sewing)	KusundaK	Kamala	ər.ʦʰaː	ər.ʦʰaː	ə r + tsʰ aː	kusu1250	1382	28.0	82.26		3376	False		5744
133	144_thenit	the nit	KusundaK	Kamala	ʤɔ̃ː.ɔk	ʤɔ̃ː.ɔk	dʒ ɔ̃ː + ɔ k	kusu1250	267	28.0	82.26			False		
135	146_thenose	the nose	KusundaK	Kamala	i.nuː	i.nuː	i + n uː	kusu1250	1221	28.0	82.26		2090	False		5925
139	151_thepig	the pig	KusundaK	Kamala	hiː	hiː	h iː	kusu1250	1337	28.0	82.26		159	False		6156
144	156_therain	the rain	KusundaK	Kamala	t̪ɐŋ ʤi.hun	t̪ɐŋ+ʤi.hun	t̪ ɐ ŋ + dʒ i + h u n	kusu1250	658	28.0	82.26		980	False		6394
147	160_thericeplant	the rice plant	KusundaK	Kamala	si.sin	si.sin	s i + s i n	kusu1250	2026	28.0	82.26		772	False		6584
148	163_theroad	the road	KusundaK	Kamala	uːn	uːn	uː n	kusu1250	667	28.0	82.26		1007	False		6715
149	164_theroot	the root	KusundaK	Kamala	gɔ.dɔk	gɔ.dɔk	g ɔ + d ɔ k	kusu1250	670	28.0	82.26		1009	False		6764
150	165_therope	the rope	KusundaK	Kamala	su.t̪aː	su.t̪aː	s u + t̪ aː	kusu1250	1218	28.0	82.26		540	False		6813
153	168_thesalt	the salt	KusundaK	Kamala	hu.kiː	hu.kiː	h u + k iː	kusu1250	1274	28.0	82.26		687	False		6961
155	170_thesand	the sand	KusundaK	Kamala	gə.liː	gə.liː	g ə + l iː	kusu1250	671	28.0	82.26		10565	True		7011
160	177_thesheep	the sheep	KusundaK	Kamala	gʰɔː.lɔq	gʰɔː.lɔq	gʰ ɔː + l ɔ q	kusu1250	1331	28.0	82.26		1020	False		7296
227	250_theshit	the shit	KusundaK	Kamala	jɛŋ	jɛŋ	j ɛ ŋ	kusu1250	676	28.0	82.26		10560	False		10387
164	182_thesickle	the sickle	KusundaK	Kamala	baː.kʰa	baː.kʰa	b aː + kʰ a	kusu1250	341	28.0	82.26			False		
167	185_theskin	the skin	KusundaK	Kamala	gi.t̪ət̪	gi.t̪ət̪	g i + t̪ ə t̪	kusu1250	763	28.0	82.26		1039	False		7615
168	186_thesky	the sky	KusundaK	Kamala	aː.qʰoː	aː.qʰoː	aː + qʰ oː	kusu1250	1732	28.0	82.26		1041	False		7665
172	190_thesmoke	the smoke	KusundaK	Kamala	d̪i.miː	d̪i.miː	d̪ i + m iː	kusu1250	778	28.0	82.26		1054	False		7803
173	192_thesnake	the snake	KusundaK	Kamala	t̪uːk	t̪uːk	t̪ uː k	kusu1250	730	28.0	82.26		1065	False		7851
174	193_thesnow	the snow	KusundaK	Kamala	jaːq	jaːq	j aː q	kusu1250	784	28.0	82.26		172	False		7900
176	195_theson	the son	KusundaK	Kamala	d̪uk.ʦiː	d̪uk.ʦiː	d̪ u k + ts iː	kusu1250	1620	28.0	82.26		1076	False		7997
177	196_thesparrow	the sparrow	KusundaK	Kamala	bʰa.ŋeː.raː	bʰa.ŋeː.raː	bʰ a + ŋ eː + r aː	kusu1250	1854	28.0	82.26		1082	True		8046
178	197_thespider	the spider	KusundaK	Kamala	pɐŋ.gaː	pɐŋ.gaː	p ɐ ŋ + g aː	kusu1250	843	28.0	82.26		1106	False		8080
181	200_thestar	the star	KusundaK	Kamala	saː.ɐ̰m	saː.ɐ̰m	s aː + ɐ̰ m	kusu1250	1430	28.0	82.26		1110	False		8226
183	202_thestick	the stick	KusundaK	Kamala	d̪əŋ.gaː	d̪əŋ.gaː	d̪ ə ŋ + g aː	kusu1250	1295	28.0	82.26		1128	False		8323
184	203_thestoneapieceof	the stone (a piece of)	KusundaK	Kamala	jɛŋ.guː	jɛŋ.guː	j ɛ ŋ + g uː	kusu1250	857	28.0	82.26		1130	False		8372
186	205_thesun	the sun	KusundaK	Kamala	iːŋ	iːŋ	iː ŋ	kusu1250	1343	28.0	82.26		1137	False		8465
187	206_thetail	the tail	KusundaK	Kamala	juŋ.suŋ	juŋ.suŋ	j u ŋ + s u ŋ	kusu1250	1220	28.0	82.26		1139	False		8518
192	211_thethigh	the thigh	KusundaK	Kamala	ɔː.d̪ɔk	ɔː.d̪ɔk	ɔː + d̪ ɔ k	kusu1250	471	28.0	82.26		1151	False		8706
199	219_thetiger	the tiger	KusundaK	Kamala	mʲɛ̰kʰ	mʲɛ̰kʰ	m j ɛ̰ kʰ	kusu1250	846	28.0	82.26		181	False		9088
202	222_thetongue	the tongue	KusundaK	Kamala	i.ʣəŋ	i.ʣəŋ	i + dz ə ŋ	kusu1250	1205	28.0	82.26		197	False		9235
203	223_thetoothfront	the tooth (front)	KusundaK	Kamala	u.ɦuː	u.ɦuː	u + ɦ uː	kusu1250	1380	28.0	82.26		2216	False		9284
204	224_thetree	the tree	KusundaK	Kamala	i.jiː	i.jiː	i + j iː	kusu1250	906	28.0	82.26			False		
208	229_thewater	the water	KusundaK	Kamala	t̪ɐŋ	t̪ɐŋ	t̪ ɐ ŋ	kusu1250	948	28.0	82.26		202	False		9521
212	233_thewheat	the wheat	KusundaK	Kamala	kʰɔ.ru.guj	kʰɔ.ru.guj	kʰ ɔ + r u + g u j	kusu1250	1077	28.0	82.26		1174	False		9703
216	237_thewife	the wife	KusundaK	Kamala	nʲɛː.ɐ.d̪iː	nʲɛː.ɐ.d̪iː	n j ɛː + ɐ + d̪ iː	kusu1250	1199	28.0	82.26		1177	False		9881
217	238_thewind	the wind	KusundaK	Kamala	qɐj	qɐj	q ɐ j	kusu1250	960	28.0	82.26		208	False		9928
218	239_thewing	the wing	KusundaK	Kamala	ɐ.ɦun	ɐ.ɦun	ɐ + ɦ u n	kusu1250	1257	28.0	82.26		1189	False		9979
220	242_thewoman	the woman	KusundaK	Kamala	nʲɛː.d̪i.ʤiː	nʲɛː.d̪i.ʤiː	n j ɛː + d̪ i + dʒ iː	kusu1250	962	28.0	82.26		1191	False		10075
221	243_thewoodmaterial	the wood (material)	KusundaK	Kamala	d̪əj.ʤiː	d̪əj.ʤiː	d̪ ə j + dʒ iː	kusu1250	1803	28.0	82.26		1205	False		10127
222	245_theyear	the year	KusundaK	Kamala	bɐr.saː	bɐr.saː	b ɐ r + s aː	kusu1250	1226	28.0	82.26		448	True		10204
190	209_there	there	KusundaK	Kamala	ɐ.pʲɛː	ɐ.pʲɛː	ɐ + p j ɛː	kusu1250	1937	28.0	82.26			False		
191	210_thick	thick	KusundaK	Kamala	gʰəj.niː	gʰəj.niː	gʰ ə j + n iː	kusu1250	1244	28.0	82.26		452	False		8656
193	212_thinobject	thin (object)	KusundaK	Kamala	kʲɛŋ	kʲɛŋ	k j ɛ ŋ	kusu1250	2249	28.0	82.26		464	False		8750
195	214_this	this	KusundaK	Kamala	naː	naː	n aː	kusu1250	1214	28.0	82.26		471	False		8848
196	215_thousecondpersonsingular	thou [second person singular]	KusundaK	Kamala	nuː	nuː	n uː	kusu1250	1215	28.0	82.26		10475	False		8892
197	216_three	three	KusundaK	Kamala	d̪aː	d̪aː	d̪ aː	kusu1250	492	28.0	82.26		472	False		8941
8	8_tobealive	to be alive	KusundaK	Kamala	ə.giː ɐ.gɔː	ə.giː+ɐ.gɔː	ə + g iː + ɐ + g ɔː	kusu1250	1422	28.0	82.26			False		
13	13_tobite	to bite	KusundaK	Kamala	kʰɐm.t̪ɔː	kʰɐm.t̪ɔː	kʰ ɐ m + t̪ ɔː	kusu1250	1403	28.0	82.26		476	False		481
16	16_toblowofwind	to blow (of wind)	KusundaK	Kamala	qɐj	qɐj	q ɐ j	kusu1250	175	28.0	82.26		482	False		630
21	21_toburnintransitive	to burn [intransitive]	KusundaK	Kamala	hũː.nu	hũː.nu	h ũː + n u	kusu1250	1428	28.0	82.26		1563	False		861
22	22_tobuy	to buy	KusundaK	Kamala	ʤɐk ɐ.gɔː	ʤɐk+ɐ.gɔː	dʒ ɐ k + ɐ + g ɔː	kusu1250	1869	28.0	82.26		490	False		909
23	23_tochew	to chew	KusundaK	Kamala	kʰɐm.kʰɐm ɐ.gɔː kʰɐm ɐ.gɔː	kʰɐm+ɐ.gɔː	kʰ ɐ m + ɐ + g ɔː	kusu1250	321	28.0	82.26		707	False		955
27	27_tocome	to come	KusundaK	Kamala	ɐ.gaː	ɐ.gaː	ɐ + g aː	kusu1250	1446	28.0	82.26		497	False		1152
29	29_tocount	to count	KusundaK	Kamala	pim.baː ɐ.gɔː	pim.baː+ɐ.gɔː	p i m + b aː + ɐ + g ɔː	kusu1250	1420	28.0	82.26		503	False		1249
30	30_tocryweep	to cry (weep)	KusundaK	Kamala	ʤʰɐ.mɔː ~ ʣʰɐ.mɔː	ʤʰɐ.mɔː	dʒʰ ɐ + m ɔː	kusu1250	1839	28.0	82.26		506	False		1300
34	34_todie	to die	KusundaK	Kamala	ɔ̰.d̪aː	ɔ̰.d̪aː	ɔ̰ + d̪ aː	kusu1250	1494	28.0	82.26		508	False		1399
35	35_todig	to dig	KusundaK	Kamala	mʲɛk ɐ.gɔː	mʲɛk+ɐ.gɔː	m j ɛ k + ɐ + g ɔː	kusu1250	1418	28.0	82.26		514	False		1448
39	39_todrink	to drink	KusundaK	Kamala	qɔːn ɐ.gɔː	qɔːn+ɐ.gɔː	q ɔː n + ɐ + g ɔː	kusu1250	1401	28.0	82.26		515	False		1642
46	46_toeat	to eat	KusundaK	Kamala	ɐm ɐ.gɔː	ɐm+ɐ.gɔː	ɐ m + ɐ + g ɔː	kusu1250	1336	28.0	82.26		517	False		1928
53	53_tofight	to fight	KusundaK	Kamala	li.muː ɐ.tɔː	li.muː+ɐ.tɔː	l i + m uː + ɐ + t ɔː	kusu1250	1423	28.0	82.26		522	False		2215
59	60_toflow	to flow	KusundaK	Kamala	t̪aŋ d̪aː	t̪aŋ+d̪aː	t̪ a ŋ + d̪ aː	kusu1250	2003	28.0	82.26		523	False		2407
61	62_toflymovethroughair	to fly (move through air)	KusundaK	Kamala	huː.t̪ɔ	huː.t̪ɔ	h uː + t̪ ɔ	kusu1250	1441	28.0	82.26		529	False		2494
64	66_toforget	to forget	KusundaK	Kamala	miː ɐ.gɔː	miː+ɐ.gɔː	m iː + ɐ + g ɔː	kusu1250	1523	28.0	82.26		1575	False		2642
71	74_togive	to give	KusundaK	Kamala	eː.guː	eː.guː	eː + g uː	kusu1250	1447	28.0	82.26		532	False		3004
82	85_tohear	to hear	KusundaK	Kamala	mɐ.bɔː	mɐ.bɔː	m ɐ + b ɔː	kusu1250	1408	28.0	82.26		1209	False		3510
86	89_tohideconceal	to hide (conceal)	KusundaK	Kamala	hʲɐq ɐ.gɔː	hʲɐq+ɐ.gɔː	h j ɐ q + ɐ + g ɔː	kusu1250	602	28.0	82.26		534	False		3699
88	91_tohold	to hold	KusundaK	Kamala	siː ɐ.gɔː	siː+ɐ.gɔː	s iː + ɐ + g ɔː	kusu1250	1448	28.0	82.26		1219	False		3751
93	99_tohunt	to hunt	KusundaK	Kamala	ɐm.baː pɐ.d̪ə ɐ.gɔː	ɐm.baː+pɐ.d̪ə+ɐ.gɔː	ɐ m + b aː + p ɐ + d̪ ə + ɐ + g ɔː	kusu1250	1435	28.0	82.26			False		
98	104_tokill	to kill	KusundaK	Kamala	ɔ̰.d̪aː ɐ.gɔː	ɔ̰.d̪aː+ɐ.gɔː	ɔ̰ + d̪ aː + ɐ + g ɔː	kusu1250	1417	28.0	82.26		258	False		4223
99	105_toknead	to knead	KusundaK	Kamala	ʤɔk ɐ.gɔː	ʤɔk+ɐ.gɔː	dʒ ɔ k + ɐ + g ɔː	kusu1250	274	28.0	82.26			False		
102	108_toknowsomething	to know (something)	KusundaK	Kamala	ʦir.maː ɐ.gɔː	ʦir.maː+ɐ.gɔː	ts i r + m aː + ɐ + g ɔː	kusu1250	1410	28.0	82.26		718	False		4364
104	111_tolaugh	to laugh	KusundaK	Kamala	ni.kʰeː ɐ.gɔː	ni.kʰeː+ɐ.gɔː	n i + kʰ eː + ɐ + g ɔː	kusu1250	1355	28.0	82.26		2131	False		4501
106	113_tolearn	to learn	KusundaK	Kamala	lɐm.baː ɐ.gɔː	lɐm.baː+ɐ.gɔː	l ɐ m + b aː + ɐ + g ɔː	kusu1250	504	28.0	82.26			False		
107	115_tolick	to lick	KusundaK	Kamala	lɐk ɐ.gɔː	lɐk+ɐ.gɔː	l ɐ k + ɐ + g ɔː	kusu1250	319	28.0	82.26		101	False		4652
108	116_toliedown	to lie down	KusundaK	Kamala	mu.ruŋ.t̪ɔː	mu.ruŋ.t̪ɔː	m u + r u ŋ + t̪ ɔː	kusu1250	215	28.0	82.26			False		
116	125_tomarryamanmarriesawoman	to marry (a man marries a woman)	KusundaK	Kamala	nɐ.bə ɐ.gɔː	nɐ.bə+ɐ.gɔː	n ɐ + b ə + ɐ + g ɔː	kusu1250	2164	28.0	82.26			False		
140	152_toplantvegetalsrice	to plant (vegetals, rice)	KusundaK	Kamala	lɐ.bə ɐ.gɔː	lɐ.bə+ɐ.gɔː	l ɐ + b ə + ɐ + g ɔː	kusu1250	1486	28.0	82.26		722	False		6203
141	153_toplay	to play	KusundaK	Kamala	li.buŋ.t̪ɔː	li.buŋ.t̪ɔː	l i + b u ŋ + t̪ ɔː	kusu1250	1413	28.0	82.26		1227	False		6247
142	154_topull	to pull	KusundaK	Kamala	ruː ɐ.gɔː	ruː+ɐ.gɔː	r uː + ɐ + g ɔː	kusu1250	1455	28.0	82.26		1229	False		6296
143	155_topush	to push	KusundaK	Kamala	d̪ʰu.sə ɐ.gɔː	d̪ʰu.sə+ɐ.gɔː	d̪ʰ u + s ə + ɐ + g ɔː	kusu1250	1452	28.0	82.26		2539	False		6343
146	159_toresidelive	to reside (live)	KusundaK	Kamala	hãː.nu	hãː.nu	h ãː + n u	kusu1250	363	28.0	82.26		1232	False		6537
152	167_torun	to run	KusundaK	Kamala	pʰur.pʰur.t̪ɔː	pʰur.pʰur.t̪ɔː	pʰ u r + pʰ u r + t̪ ɔː	kusu1250	1519	28.0	82.26		3661	False		6915
156	171_toscratch	to scratch	KusundaK	Kamala	i.wə ɐ.gɔː	i.wə+ɐ.gɔː	i + w ə + ɐ + g ɔː	kusu1250	1436	28.0	82.26		1239	False		7054
157	173_tosee	to see	KusundaK	Kamala	gɐ̃ː.nu	gɐ̃ː.nu	g ɐ̃ː + n u	kusu1250	1409	28.0	82.26		1257	False		7104
161	178_toshootanarrow	to shoot (an arrow)	KusundaK	Kamala	pʰɔː ɐ.gɔː	pʰɔː+ɐ.gɔː	pʰ ɔː + ɐ + g ɔː	kusu1250	1172	28.0	82.26		1259	False		7341
165	183_tosing	to sing	KusundaK	Kamala	mɐŋ ɐ.gɔː	mɐŋ+ɐ.gɔː	m ɐ ŋ + ɐ + g ɔː	kusu1250	1261	28.0	82.26		1278	False		7521
169	187_tosleep	to sleep	KusundaK	Kamala	ip.t̪ɔː	ip.t̪ɔː	i p + t̪ ɔː	kusu1250	1585	28.0	82.26		2244	False		7713
171	189_tosmellperceiveodortransitive	to smell (perceive odor) [transitive]	KusundaK	Kamala	gən.ʤi ɐ.gɔː	gən.ʤi+ɐ.gɔː	g ə n + dʒ i + ɐ + g ɔː	kusu1250	1586	28.0	82.26		1280	False		7758
179	198_tospit	to spit	KusundaK	Kamala	ɐ.t̪aː gi.t̪ɐŋ hur.rə ɐ.gɔː	ɐ.t̪aː+gi.t̪ɐŋ+hur.rə+ɐ.gɔː	ɐ + t̪ aː + g i + t̪ ɐ ŋ + h u r + r ə + ɐ + g ɔː	kusu1250	1440	28.0	82.26		1288	False		8129
180	199_tostand	to stand	KusundaK	Kamala	d̪ʰuŋ.tɔː	d̪ʰuŋ.tɔː	d̪ʰ u ŋ + t ɔː	kusu1250	1442	28.0	82.26		1314	False		8177
182	201_tosteal	to steal	KusundaK	Kamala	ki.laː ɐ.gɔː	ki.laː+ɐ.gɔː	k i + l aː + ɐ + g ɔː	kusu1250	713	28.0	82.26		1317	False		8275
194	213_tothinkreflect	to think (reflect)	KusundaK	Kamala	im.bə ɐ.gɔː	im.bə+ɐ.gɔː	i m + b ə + ɐ + g ɔː	kusu1250	1415	28.0	82.26		734	False		8798
198	217_tothrow	to throw	KusundaK	Kamala	hur.rə ɐ.gɔː	hur.rə+ɐ.gɔː	h u r + r ə + ɐ + g ɔː	kusu1250	1456	28.0	82.26		1335	False		8988
207	228_towalk	to walk	KusundaK	Kamala	bi.bi.t̪ɔː	bi.bi.t̪ɔː	b i + b i + t̪ ɔː	kusu1250	1443	28.0	82.26		1343	False		9468
219	240_towipe	to wipe	KusundaK	Kamala	leː ɐ.gɔː	leː+ɐ.gɔː	l eː + ɐ + g ɔː	kusu1250	1454	28.0	82.26		1349	False		10025
200	220_today	today	KusundaK	Kamala	t̪əj.naː	t̪əj.naː	t̪ ə j + n aː	kusu1250	1283	28.0	82.26		4023	False		9137
201	221_tomorrow	tomorrow	KusundaK	Kamala	gu.rɐq	gu.rɐq	g u + r ɐ q	kusu1250	1329	28.0	82.26		545	False		9185
205	225_twenty	twenty	KusundaK	Kamala	biːs	biːs	b iː s	kusu1250	1710	28.0	82.26		546	True		9334
206	226_two	two	KusundaK	Kamala	d̪u.kʰɔː	d̪u.kʰɔː	d̪ u + kʰ ɔː	kusu1250	1498	28.0	82.26		552	False		9373
209	230_wefirstpersonpluralinclusive	we [first person plural inclusive]	KusundaK	Kamala	t̪ɔk	t̪ɔk	t̪ ɔ k	kusu1250	1131	28.0	82.26		554	False		9572
210	231_wet	wet	KusundaK	Kamala	ʤʰɔk ɐ.gɔː	ʤʰɔk+ɐ.gɔː	dʒʰ ɔ k + ɐ + g ɔː	kusu1250	1726	28.0	82.26		561	False		9613
211	232_what	what	KusundaK	Kamala	nɐn	nɐn	n ɐ n	kusu1250	1236	28.0	82.26		1358	False		9662
213	234_where	where	KusundaK	Kamala	hɐm.peː	hɐm.peː	h ɐ m + p eː	kusu1250	1237	28.0	82.26		6460	False		9743
214	235_white	white	KusundaK	Kamala	kaː.siː	kaː.siː	k aː + s iː	kusu1250	1335	28.0	82.26		1368	False		9782
215	236_who	who	KusundaK	Kamala	nə.t̪iː	nə.t̪iː	n ə + t̪ iː	kusu1250	1235	28.0	82.26		575	False		9831
223	246_yellow	yellow	KusundaK	Kamala	qʰɐ.jɛm bʰɔ.jɔː	qʰɐ.jɛm+bʰɔ.jɔː	qʰ ɐ + j ɛ m + bʰ ɔ + j ɔː	kusu1250	1424	28.0	82.26		1373	False		10253
224	247_yesterday	yesterday	KusundaK	Kamala	pʲɛː.naː	pʲɛː.naː	p j ɛː + n aː	kusu1250	1174	28.0	82.26		1375	False		10300
225	248_yousecondpersonplural	you [second person plural]	KusundaK	Kamala	nɔk	nɔk	n ɔ k	kusu1250	1213	28.0	82.26		1376	False		10349
226	249_young	young	KusundaK	Kamala	maː.a̰.ʧʰeː	maː.a̰.ʧʰeː	m aː + a̰ + tʃʰ eː	kusu1250	1207	28.0	82.26			False		
